t_burst,gamma,theta,alpha,q,V,x,z
0.0,22.86307837234494,21.9575740049237,-0.905504367421238,0.05807507824906941,261.61681019724654,1237.458027592786,110.16528450991814
0.001,24.340856504775513,22.94981918951423,-1.3910373152612832,0.06886774457793389,261.1782462611316,1234.7532705574426,115.09836480133198
0.002,24.340856504775513,22.94981918951423,-1.3910373152612832,0.06886774457793389,261.1782462611316,1234.7532705574426,115.09836480133198
0.003,24.340856504775513,22.94981918951423,-1.3910373152612832,0.06886774457793389,261.1782462611316,1234.7532705574426,115.09836480133198
0.004,24.340856504775513,22.94981918951423,-1.3910373152612832,0.06886774457793389,261.1782462611316,1234.7532705574426,115.09836480133198
0.005,24.340856504775513,22.94981918951423,-1.3910373152612832,0.06886774457793389,261.1782462611316,1234.7532705574426,115.09836480133198
0.006,24.340856504775513,22.94981918951423,-1.3910373152612832,0.06886774457793389,261.1782462611316,1234.7532705574426,115.09836480133198
0.007,24.340856504775513,22.94981918951423,-1.3910373152612832,0.06886774457793389,261.1782462611316,1234.7532705574426,115.09836480133198
0.008,24.340856504775513,22.94981918951423,-1.3910373152612832,0.06886774457793389,261.1782462611316,1234.7532705574426,115.09836480133198
0.009000000000000001,24.340856504775513,22.94981918951423,-1.3910373152612832,0.06886774457793389,261.1782462611316,1234.7532705574426,115.09836480133198
0.01,24.340856504775513,22.94981918951423,-1.3910373152612832,0.06886774457793389,261.1782462611316,1234.7532705574426,115.09836480133198
0.011,25.804344071219756,23.92928132113555,-1.8750627500842034,0.07918434578063155,260.69789805440803,1231.9212283724282,119.87953585789336
0.012,25.804344071219756,23.92928132113555,-1.8750627500842034,0.07918434578063155,260.69789805440803,1231.9212283724282,119.87953585789336
0.013000000000000001,25.804344071219756,23.92928132113555,-1.8750627500842034,0.07918434578063155,260.69789805440803,1231.9212283724282,119.87953585789336
0.014,25.804344071219756,23.92928132113555,-1.8750627500842034,0.07918434578063155,260.69789805440803,1231.9212283724282,119.87953585789336
0.015,25.804344071219756,23.92928132113555,-1.8750627500842034,0.07918434578063155,260.69789805440803,1231.9212283724282,119.87953585789336
0.016,25.804344071219756,23.92928132113555,-1.8750627500842034,0.07918434578063155,260.69789805440803,1231.9212283724282,119.87953585789336
0.017,25.804344071219756,23.92928132113555,-1.8750627500842034,0.07918434578063155,260.69789805440803,1231.9212283724282,119.87953585789336
0.018000000000000002,25.804344071219756,23.92928132113555,-1.8750627500842034,0.07918434578063155,260.69789805440803,1231.9212283724282,119.87953585789336
0.019,25.804344071219756,23.92928132113555,-1.8750627500842034,0.07918434578063155,260.69789805440803,1231.9212283724282,119.87953585789336
0.02,25.804344071219756,23.92928132113555,-1.8750627500842034,0.07918434578063155,260.69789805440803,1231.9212283724282,119.87953585789336
0.021,27.251895989578106,24.895341125637497,-2.356554863940607,0.08912345135659897,260.1774270527626,1228.9727547696912,124.50244781612365
0.022,27.251895989578106,24.895341125637497,-2.356554863940607,0.08912345135659897,260.1774270527626,1228.9727547696912,124.50244781612365
0.023,27.251895989578106,24.895341125637497,-2.356554863940607,0.08912345135659897,260.1774270527626,1228.9727547696912,124.50244781612365
0.024,27.251895989578106,24.895341125637497,-2.356554863940607,0.08912345135659897,260.1774270527626,1228.9727547696912,124.50244781612365
0.025,27.251895989578106,24.895341125637497,-2.356554863940607,0.08912345135659897,260.1774270527626,1228.9727547696912,124.50244781612365
0.026000000000000002,27.251895989578106,24.895341125637497,-2.356554863940607,0.08912345135659897,260.1774270527626,1228.9727547696912,124.50244781612365
0.027,27.251895989578106,24.895341125637497,-2.356554863940607,0.08912345135659897,260.1774270527626,1228.9727547696912,124.50244781612365
0.028,27.251895989578106,24.895341125637497,-2.356554863940607,0.08912345135659897,260.1774270527626,1228.9727547696912,124.50244781612365
0.029,27.251895989578106,24.895341125637497,-2.356554863940607,0.08912345135659897,260.1774270527626,1228.9727547696912,124.50244781612365
0.03,27.251895989578106,24.895341125637497,-2.356554863940607,0.08912345135659897,260.1774270527626,1228.9727547696912,124.50244781612365
0.031,28.682015829014905,25.847417342833932,-2.834598486180972,0.09877595532020102,259.61859024773173,1225.9188515499588,128.9618850296336
0.032,28.682015829014905,25.847417342833932,-2.834598486180972,0.09877595532020102,259.61859024773173,1225.9188515499588,128.9618850296336
0.033,28.682015829014905,25.847417342833932,-2.834598486180972,0.09877595532020102,259.61859024773173,1225.9188515499588,128.9618850296336
0.034,28.682015829014905,25.847417342833932,-2.834598486180972,0.09877595532020102,259.61859024773173,1225.9188515499588,128.9618850296336
0.035,28.682015829014905,25.847417342833932,-2.834598486180972,0.09877595532020102,259.61859024773173,1225.9188515499588,128.9618850296336
0.036000000000000004,28.682015829014905,25.847417342833932,-2.834598486180972,0.09877595532020102,259.61859024773173,1225.9188515499588,128.9618850296336
0.037,28.682015829014905,25.847417342833932,-2.834598486180972,0.09877595532020102,259.61859024773173,1225.9188515499588,128.9618850296336
0.038,28.682015829014905,25.847417342833932,-2.834598486180972,0.09877595532020102,259.61859024773173,1225.9188515499588,128.9618850296336
0.039,28.682015829014905,25.847417342833932,-2.834598486180972,0.09877595532020102,259.61859024773173,1225.9188515499588,128.9618850296336
0.04,28.682015829014905,25.847417342833932,-2.834598486180972,0.09877595532020102,259.61859024773173,1225.9188515499588,128.9618850296336
0.041,30.093366038315747,26.784976993620514,-3.308389044695231,0.10822344473297484,259.0232165203033,1222.770543249314,133.25375253193621
0.042,30.093366038315747,26.784976993620514,-3.308389044695231,0.10822344473297484,259.0232165203033,1222.770543249314,133.25375253193621
0.043000000000000003,30.093366038315747,26.784976993620514,-3.308389044695231,0.10822344473297484,259.0232165203033,1222.770543249314,133.25375253193621
0.044,30.093366038315747,26.784976993620514,-3.308389044695231,0.10822344473297484,259.0232165203033,1222.770543249314,133.25375253193621
0.045,30.093366038315747,26.784976993620514,-3.308389044695231,0.10822344473297484,259.0232165203033,1222.770543249314,133.25375253193621
0.046,30.093366038315747,26.784976993620514,-3.308389044695231,0.10822344473297484,259.0232165203033,1222.770543249314,133.25375253193621
0.047,30.093366038315747,26.784976993620514,-3.308389044695231,0.10822344473297484,259.0232165203033,1222.770543249314,133.25375253193621
0.048,30.093366038315747,26.784976993620514,-3.308389044695231,0.10822344473297484,259.0232165203033,1222.770543249314,133.25375253193621
0.049,30.093366038315747,26.784976993620514,-3.308389044695231,0.10822344473297484,259.0232165203033,1222.770543249314,133.25375253193621
0.05,30.093366038315747,26.784976993620514,-3.308389044695231,0.10822344473297484,259.0232165203033,1222.770543249314,133.25375253193621
0.051000000000000004,31.484774314324238,27.70754359199184,-3.777230722332398,0.11753704981700928,258.39318374491125,1219.538760812729,137.37504409206377
0.052000000000000005,31.484774314324238,27.70754359199184,-3.777230722332398,0.11753704981700928,258.39318374491125,1219.538760812729,137.37504409206377
0.053,31.484774314324238,27.70754359199184,-3.777230722332398,0.11753704981700928,258.39318374491125,1219.538760812729,137.37504409206377
0.054,31.484774314324238,27.70754359199184,-3.777230722332398,0.11753704981700928,258.39318374491125,1219.538760812729,137.37504409206377
0.055,31.484774314324238,27.70754359199184,-3.777230722332398,0.11753704981700928,258.39318374491125,1219.538760812729,137.37504409206377
0.056,31.484774314324238,27.70754359199184,-3.777230722332398,0.11753704981700928,258.39318374491125,1219.538760812729,137.37504409206377
0.057,31.484774314324238,27.70754359199184,-3.777230722332398,0.11753704981700928,258.39318374491125,1219.538760812729,137.37504409206377
0.058,31.484774314324238,27.70754359199184,-3.777230722332398,0.11753704981700928,258.39318374491125,1219.538760812729,137.37504409206377
0.059000000000000004,31.484774314324238,27.70754359199184,-3.777230722332398,0.11753704981700928,258.39318374491125,1219.538760812729,137.37504409206377
0.06,31.484774314324238,27.70754359199184,-3.777230722332398,0.11753704981700928,258.39318374491125,1219.538760812729,137.37504409206377
0.061,32.855236287986244,28.61470312989879,-4.240533158087456,0.12677675528418744,257.7303971366358,1216.234236501473,141.32379441007123
0.062,32.855236287986244,28.61470312989879,-4.240533158087456,0.12677675528418744,257.7303971366358,1216.234236501473,141.32379441007123
0.063,32.855236287986244,28.61470312989879,-4.240533158087456,0.12677675528418744,257.7303971366358,1216.234236501473,141.32379441007123
0.064,32.855236287986244,28.61470312989879,-4.240533158087456,0.12677675528418744,257.7303971366358,1216.234236501473,141.32379441007123
0.065,32.855236287986244,28.61470312989879,-4.240533158087456,0.12677675528418744,257.7303971366358,1216.234236501473,141.32379441007123
0.066,32.855236287986244,28.61470312989879,-4.240533158087456,0.12677675528418744,257.7303971366358,1216.234236501473,141.32379441007123
0.067,32.855236287986244,28.61470312989879,-4.240533158087456,0.12677675528418744,257.7303971366358,1216.234236501473,141.32379441007123
0.068,32.855236287986244,28.61470312989879,-4.240533158087456,0.12677675528418744,257.7303971366358,1216.234236501473,141.32379441007123
0.069,32.855236287986244,28.61470312989879,-4.240533158087456,0.12677675528418744,257.7303971366358,1216.234236501473,141.32379441007123
0.07,32.855236287986244,28.61470312989879,-4.240533158087456,0.12677675528418744,257.7303971366358,1216.234236501473,141.32379441007123
0.07100000000000001,34.20391483776213,29.506107830628657,-4.697807007133467,0.13599113300405885,257.0367692533506,1212.8674115971985,145.0990182975678
0.07200000000000001,34.20391483776213,29.506107830628657,-4.697807007133467,0.13599113300405885,257.0367692533506,1212.8674115971985,145.0990182975678
0.073,34.20391483776213,29.506107830628657,-4.697807007133467,0.13599113300405885,257.0367692533506,1212.8674115971985,145.0990182975678
0.074,34.20391483776213,29.506107830628657,-4.697807007133467,0.13599113300405885,257.0367692533506,1212.8674115971985,145.0990182975678
0.075,34.20391483776213,29.506107830628657,-4.697807007133467,0.13599113300405885,257.0367692533506,1212.8674115971985,145.0990182975678
0.076,34.20391483776213,29.506107830628657,-4.697807007133467,0.13599113300405885,257.0367692533506,1212.8674115971985,145.0990182975678
0.077,34.20391483776213,29.506107830628657,-4.697807007133467,0.13599113300405885,257.0367692533506,1212.8674115971985,145.0990182975678
0.078,34.20391483776213,29.506107830628657,-4.697807007133467,0.13599113300405885,257.0367692533506,1212.8674115971985,145.0990182975678
0.079,34.20391483776213,29.506107830628657,-4.697807007133467,0.13599113300405885,257.0367692533506,1212.8674115971985,145.0990182975678
0.08,34.20391483776213,29.506107830628657,-4.697807007133467,0.13599113300405885,257.0367692533506,1212.8674115971985,145.0990182975678
0.081,35.53013643665778,30.38147780410309,-5.148658632554687,0.14521744231152503,256.31420195673024,1209.4483578134752,148.70063980681698
0.082,35.53013643665778,30.38147780410309,-5.148658632554687,0.14521744231152503,256.31420195673024,1209.4483578134752,148.70063980681698
0.083,35.53013643665778,30.38147780410309,-5.148658632554687,0.14521744231152503,256.31420195673024,1209.4483578134752,148.70063980681698
0.084,35.53013643665778,30.38147780410309,-5.148658632554687,0.14521744231152503,256.31420195673024,1209.4483578134752,148.70063980681698
0.085,35.53013643665778,30.38147780410309,-5.148658632554687,0.14521744231152503,256.31420195673024,1209.4483578134752,148.70063980681698
0.08600000000000001,35.53013643665778,30.38147780410309,-5.148658632554687,0.14521744231152503,256.31420195673024,1209.4483578134752,148.70063980681698
0.08700000000000001,35.53013643665778,30.38147780410309,-5.148658632554687,0.14521744231152503,256.31420195673024,1209.4483578134752,148.70063980681698
0.088,35.53013643665778,30.38147780410309,-5.148658632554687,0.14521744231152503,256.31420195673024,1209.4483578134752,148.70063980681698
0.089,35.53013643665778,30.38147780410309,-5.148658632554687,0.14521744231152503,256.31420195673024,1209.4483578134752,148.70063980681698
0.09,35.53013643665778,30.38147780410309,-5.148658632554687,0.14521744231152503,256.31420195673024,1209.4483578134752,148.70063980681698
0.091,36.833384999151676,31.240600838815602,-5.592784160336074,0.15448203607339764,255.56457052906026,1205.9867127242558,152.12941423139404
0.092,36.833384999151676,31.240600838815602,-5.592784160336074,0.15448203607339764,255.56457052906026,1205.9867127242558,152.12941423139404
0.093,36.833384999151676,31.240600838815602,-5.592784160336074,0.15448203607339764,255.56457052906026,1205.9867127242558,152.12941423139404
0.094,36.833384999151676,31.240600838815602,-5.592784160336074,0.15448203607339764,255.56457052906026,1205.9867127242558,152.12941423139404
0.095,36.833384999151676,31.240600838815602,-5.592784160336074,0.15448203607339764,255.56457052906026,1205.9867127242558,152.12941423139404
0.096,36.833384999151676,31.240600838815602,-5.592784160336074,0.15448203607339764,255.56457052906026,1205.9867127242558,152.12941423139404
0.097,36.833384999151676,31.240600838815602,-5.592784160336074,0.15448203607339764,255.56457052906026,1205.9867127242558,152.12941423139404
0.098,36.833384999151676,31.240600838815602,-5.592784160336074,0.15448203607339764,255.56457052906026,1205.9867127242558,152.12941423139404
0.099,36.833384999151676,31.240600838815602,-5.592784160336074,0.15448203607339764,255.56457052906026,1205.9867127242558,152.12941423139404
0.1,36.833384999151676,31.240600838815602,-5.592784160336074,0.15448203607339764,255.56457052906026,1205.9867127242558,152.12941423139404
0.101,38.11329372036561,32.08333062900378,-6.029963091361824,0.16380100756131946,254.78971004304205,1202.491628996533,155.3868457312448
0.10200000000000001,38.11329372036561,32.08333062900378,-6.029963091361824,0.16380100756131946,254.78971004304205,1202.491628996533,155.3868457312448
0.10300000000000001,38.11329372036561,32.08333062900378,-6.029963091361824,0.16380100756131946,254.78971004304205,1202.491628996533,155.3868457312448
0.10400000000000001,38.11329372036561,32.08333062900378,-6.029963091361824,0.16380100756131946,254.78971004304205,1202.491628996533,155.3868457312448
0.105,38.11329372036561,32.08333062900378,-6.029963091361824,0.16380100756131946,254.78971004304205,1202.491628996533,155.3868457312448
0.106,38.11329372036561,32.08333062900378,-6.029963091361824,0.16380100756131946,254.78971004304205,1202.491628996533,155.3868457312448
0.107,38.11329372036561,32.08333062900378,-6.029963091361824,0.16380100756131946,254.78971004304205,1202.491628996533,155.3868457312448
0.108,38.11329372036561,32.08333062900378,-6.029963091361824,0.16380100756131946,254.78971004304205,1202.491628996533,155.3868457312448
0.109,38.11329372036561,32.08333062900378,-6.029963091361824,0.16380100756131946,254.78971004304205,1202.491628996533,155.3868457312448
0.11,38.11329372036561,32.08333062900378,-6.029963091361824,0.16380100756131946,254.78971004304205,1202.491628996533,155.3868457312448
0.111,39.36963539666872,32.90958376505309,-6.460051631615627,0.1731810143705696,253.99140399384856,1198.9717367878025,158.47510306858783
0.112,39.36963539666872,32.90958376505309,-6.460051631615627,0.1731810143705696,253.99140399384856,1198.9717367878025,158.47510306858783
0.113,39.36963539666872,32.90958376505309,-6.460051631615627,0.1731810143705696,253.99140399384856,1198.9717367878025,158.47510306858783
0.114,39.36963539666872,32.90958376505309,-6.460051631615627,0.1731810143705696,253.99140399384856,1198.9717367878025,158.47510306858783
0.115,39.36963539666872,32.90958376505309,-6.460051631615627,0.1731810143705696,253.99140399384856,1198.9717367878025,158.47510306858783
0.116,39.36963539666872,32.90958376505309,-6.460051631615627,0.1731810143705696,253.99140399384856,1198.9717367878025,158.47510306858783
0.117,39.36963539666872,32.90958376505309,-6.460051631615627,0.1731810143705696,253.99140399384856,1198.9717367878025,158.47510306858783
0.11800000000000001,39.36963539666872,32.90958376505309,-6.460051631615627,0.1731810143705696,253.99140399384856,1198.9717367878025,158.47510306858783
0.11900000000000001,39.36963539666872,32.90958376505309,-6.460051631615627,0.1731810143705696,253.99140399384856,1198.9717367878025,158.47510306858783
0.12,39.36963539666872,32.90958376505309,-6.460051631615627,0.1731810143705696,253.99140399384856,1198.9717367878025,158.47510306858783
0.121,40.60231169055171,33.7193358157467,-6.882975874805,0.1826202200744948,253.17137512941648,1195.4351183444655,161.39693561200096
0.122,40.60231169055171,33.7193358157467,-6.882975874805,0.1826202200744948,253.17137512941648,1195.4351183444655,161.39693561200096
0.123,40.60231169055171,33.7193358157467,-6.882975874805,0.1826202200744948,253.17137512941648,1195.4351183444655,161.39693561200096
0.124,40.60231169055171,33.7193358157467,-6.882975874805,0.1826202200744948,253.17137512941648,1195.4351183444655,161.39693561200096
0.125,40.60231169055171,33.7193358157467,-6.882975874805,0.1826202200744948,253.17137512941648,1195.4351183444655,161.39693561200096
0.126,40.60231169055171,33.7193358157467,-6.882975874805,0.1826202200744948,253.17137512941648,1195.4351183444655,161.39693561200096
0.127,40.60231169055171,33.7193358157467,-6.882975874805,0.1826202200744948,253.17137512941648,1195.4351183444655,161.39693561200096
0.128,40.60231169055171,33.7193358157467,-6.882975874805,0.1826202200744948,253.17137512941648,1195.4351183444655,161.39693561200096
0.129,40.60231169055171,33.7193358157467,-6.882975874805,0.1826202200744948,253.17137512941648,1195.4351183444655,161.39693561200096
0.13,40.60231169055171,33.7193358157467,-6.882975874805,0.1826202200744948,253.17137512941648,1195.4351183444655,161.39693561200096
0.131,41.81134175951749,34.512616809813615,-7.298724949703876,0.19210930098448126,252.33127835755076,1191.8892936127206,164.15559140503697
0.132,41.81134175951749,34.512616809813615,-7.298724949703876,0.19210930098448126,252.33127835755076,1191.8892936127206,164.15559140503697
0.133,41.81134175951749,34.512616809813615,-7.298724949703876,0.19210930098448126,252.33127835755076,1191.8892936127206,164.15559140503697
0.134,41.81134175951749,34.512616809813615,-7.298724949703876,0.19210930098448126,252.33127835755076,1191.8892936127206,164.15559140503697
0.135,41.81134175951749,34.512616809813615,-7.298724949703876,0.19210930098448126,252.33127835755076,1191.8892936127206,164.15559140503697
0.136,41.81134175951749,34.512616809813615,-7.298724949703876,0.19210930098448126,252.33127835755076,1191.8892936127206,164.15559140503697
0.137,41.81134175951749,34.512616809813615,-7.298724949703876,0.19210930098448126,252.33127835755076,1191.8892936127206,164.15559140503697
0.138,41.81134175951749,34.512616809813615,-7.298724949703876,0.19210930098448126,252.33127835755076,1191.8892936127206,164.15559140503697
0.139,41.81134175951749,34.512616809813615,-7.298724949703876,0.19210930098448126,252.33127835755076,1191.8892936127206,164.15559140503697
0.14,41.81134175951749,34.512616809813615,-7.298724949703876,0.19210930098448126,252.33127835755076,1191.8892936127206,164.15559140503697
0.14100000000000001,42.996850615079815,35.28950638845056,-7.707344226629253,0.20163247334703105,251.4726955667478,1188.341215540243,166.75473872887105
0.14200000000000002,42.996850615079815,35.28950638845056,-7.707344226629253,0.20163247334703105,251.4726955667478,1188.341215540243,166.75473872887105
0.14300000000000002,42.996850615079815,35.28950638845056,-7.707344226629253,0.20163247334703105,251.4726955667478,1188.341215540243,166.75473872887105
0.14400000000000002,42.996850615079815,35.28950638845056,-7.707344226629253,0.20163247334703105,251.4726955667478,1188.341215540243,166.75473872887105
0.145,42.996850615079815,35.28950638845056,-7.707344226629253,0.20163247334703105,251.4726955667478,1188.341215540243,166.75473872887105
0.146,42.996850615079815,35.28950638845056,-7.707344226629253,0.20163247334703105,251.4726955667478,1188.341215540243,166.75473872887105
0.147,42.996850615079815,35.28950638845056,-7.707344226629253,0.20163247334703105,251.4726955667478,1188.341215540243,166.75473872887105
0.148,42.996850615079815,35.28950638845056,-7.707344226629253,0.20163247334703105,251.4726955667478,1188.341215540243,166.75473872887105
0.149,42.996850615079815,35.28950638845056,-7.707344226629253,0.20163247334703105,251.4726955667478,1188.341215540243,166.75473872887105
0.15,42.996850615079815,35.28950638845056,-7.707344226629253,0.20163247334703105,251.4726955667478,1188.341215540243,166.75473872887105
0.151,44.15905751919281,36.05012885663696,-8.108928662555845,0.21116850474820012,250.5971321705171,1184.797273692464,169.19839223622628
0.152,44.15905751919281,36.05012885663696,-8.108928662555845,0.21116850474820012,250.5971321705171,1184.797273692464,169.19839223622628
0.153,44.15905751919281,36.05012885663696,-8.108928662555845,0.21116850474820012,250.5971321705171,1184.797273692464,169.19839223622628
0.154,44.15905751919281,36.05012885663696,-8.108928662555845,0.21116850474820012,250.5971321705171,1184.797273692464,169.19839223622628
0.155,44.15905751919281,36.05012885663696,-8.108928662555845,0.21116850474820012,250.5971321705171,1184.797273692464,169.19839223622628
0.156,44.15905751919281,36.05012885663696,-8.108928662555845,0.21116850474820012,250.5971321705171,1184.797273692464,169.19839223622628
0.157,44.15905751919281,36.05012885663696,-8.108928662555845,0.21116850474820012,250.5971321705171,1184.797273692464,169.19839223622628
0.158,44.15905751919281,36.05012885663696,-8.108928662555845,0.21116850474820012,250.5971321705171,1184.797273692464,169.19839223622628
0.159,44.15905751919281,36.05012885663696,-8.108928662555845,0.21116850474820012,250.5971321705171,1184.797273692464,169.19839223622628
0.16,44.15905751919281,36.05012885663696,-8.108928662555845,0.21116850474820012,250.5971321705171,1184.797273692464,169.19839223622628
0.161,45.29826466597754,36.79464831450526,-8.503616351472278,0.22069168178273527,249.70601517058975,1181.263304817075,171.4908444107037
0.162,45.29826466597754,36.79464831450526,-8.503616351472278,0.22069168178273527,249.70601517058975,1181.263304817075,171.4908444107037
0.163,45.29826466597754,36.79464831450526,-8.503616351472278,0.22069168178273527,249.70601517058975,1181.263304817075,171.4908444107037
0.164,45.29826466597754,36.79464831450526,-8.503616351472278,0.22069168178273527,249.70601517058975,1181.263304817075,171.4908444107037
0.165,45.29826466597754,36.79464831450526,-8.503616351472278,0.22069168178273527,249.70601517058975,1181.263304817075,171.4908444107037
0.166,45.29826466597754,36.79464831450526,-8.503616351472278,0.22069168178273527,249.70601517058975,1181.263304817075,171.4908444107037
0.167,45.29826466597754,36.79464831450526,-8.503616351472278,0.22069168178273527,249.70601517058975,1181.263304817075,171.4908444107037
0.168,45.29826466597754,36.79464831450526,-8.503616351472278,0.22069168178273527,249.70601517058975,1181.263304817075,171.4908444107037
0.169,45.29826466597754,36.79464831450526,-8.503616351472278,0.22069168178273527,249.70601517058975,1181.263304817075,171.4908444107037
0.17,45.29826466597754,36.79464831450526,-8.503616351472278,0.22069168178273527,249.70601517058975,1181.263304817075,171.4908444107037
0.171,46.41484633981121,37.523264004832264,-8.891582334978954,0.23017271373150502,248.80069253057783,1177.7446090490334,173.63660282087284
0.17200000000000001,46.41484633981121,37.523264004832264,-8.891582334978954,0.23017271373150502,248.80069253057783,1177.7446090490334,173.63660282087284
0.17300000000000001,46.41484633981121,37.523264004832264,-8.891582334978954,0.23017271373150502,248.80069253057783,1177.7446090490334,173.63660282087284
0.17400000000000002,46.41484633981121,37.523264004832264,-8.891582334978954,0.23017271373150502,248.80069253057783,1177.7446090490334,173.63660282087284
0.17500000000000002,46.41484633981121,37.523264004832264,-8.891582334978954,0.23017271373150502,248.80069253057783,1177.7446090490334,173.63660282087284
0.176,46.41484633981121,37.523264004832264,-8.891582334978954,0.23017271373150502,248.80069253057783,1177.7446090490334,173.63660282087284
0.177,46.41484633981121,37.523264004832264,-8.891582334978954,0.23017271373150502,248.80069253057783,1177.7446090490334,173.63660282087284
0.178,46.41484633981121,37.523264004832264,-8.891582334978954,0.23017271373150502,248.80069253057783,1177.7446090490334,173.63660282087284
0.179,46.41484633981121,37.523264004832264,-8.891582334978954,0.23017271373150502,248.80069253057783,1177.7446090490334,173.63660282087284
0.18,46.41484633981121,37.523264004832264,-8.891582334978954,0.23017271373150502,248.80069253057783,1177.7446090490334,173.63660282087284
0.181,47.50923868898571,38.23620597161503,-9.273032717370679,0.2395795587913835,247.88243365611555,1174.2459705423,175.64033339658022
0.182,47.50923868898571,38.23620597161503,-9.273032717370679,0.2395795587913835,247.88243365611555,1174.2459705423,175.64033339658022
0.183,47.50923868898571,38.23620597161503,-9.273032717370679,0.2395795587913835,247.88243365611555,1174.2459705423,175.64033339658022
0.184,47.50923868898571,38.23620597161503,-9.273032717370679,0.2395795587913835,247.88243365611555,1174.2459705423,175.64033339658022
0.185,47.50923868898571,38.23620597161503,-9.273032717370679,0.2395795587913835,247.88243365611555,1174.2459705423,175.64033339658022
0.186,47.50923868898571,38.23620597161503,-9.273032717370679,0.2395795587913835,247.88243365611555,1174.2459705423,175.64033339658022
0.187,47.50923868898571,38.23620597161503,-9.273032717370679,0.2395795587913835,247.88243365611555,1174.2459705423,175.64033339658022
0.188,47.50923868898571,38.23620597161503,-9.273032717370679,0.2395795587913835,247.88243365611555,1174.2459705423,175.64033339658022
0.189,47.50923868898571,38.23620597161503,-9.273032717370679,0.2395795587913835,247.88243365611555,1174.2459705423,175.64033339658022
0.19,47.50923868898571,38.23620597161503,-9.273032717370679,0.2395795587913835,247.88243365611555,1174.2459705423,175.64033339658022
0.191,48.58193020859084,38.93373108927268,-9.648199119318162,0.24887816517082878,246.95243078811245,1170.7716814306934,177.50680975686146
0.192,48.58193020859084,38.93373108927268,-9.648199119318162,0.24887816517082878,246.95243078811245,1170.7716814306934,177.50680975686146
0.193,48.58193020859084,38.93373108927268,-9.648199119318162,0.24887816517082878,246.95243078811245,1170.7716814306934,177.50680975686146
0.194,48.58193020859084,38.93373108927268,-9.648199119318162,0.24887816517082878,246.95243078811245,1170.7716814306934,177.50680975686146
0.195,48.58193020859084,38.93373108927268,-9.648199119318162,0.24887816517082878,246.95243078811245,1170.7716814306934,177.50680975686146
0.196,48.58193020859084,38.93373108927268,-9.648199119318162,0.24887816517082878,246.95243078811245,1170.7716814306934,177.50680975686146
0.197,48.58193020859084,38.93373108927268,-9.648199119318162,0.24887816517082878,246.95243078811245,1170.7716814306934,177.50680975686146
0.198,48.58193020859084,38.93373108927268,-9.648199119318162,0.24887816517082878,246.95243078811245,1170.7716814306934,177.50680975686146
0.199,48.58193020859084,38.93373108927268,-9.648199119318162,0.24887816517082878,246.95243078811245,1170.7716814306934,177.50680975686146
0.2,48.58193020859084,38.93373108927268,-9.648199119318162,0.24887816517082878,246.95243078811245,1170.7716814306934,177.50680975686146
0.201,49.633452987636424,39.61611949292241,-10.017333494714016,0.2580331240647721,246.01180113055946,1167.3255681483834,179.24086846277942
0.202,49.633452987636424,39.61611949292241,-10.017333494714016,0.2580331240647721,246.01180113055946,1167.3255681483834,179.24086846277942
0.203,49.633452987636424,39.61611949292241,-10.017333494714016,0.2580331240647721,246.01180113055946,1167.3255681483834,179.24086846277942
0.20400000000000001,49.633452987636424,39.61611949292241,-10.017333494714016,0.2580331240647721,246.01180113055946,1167.3255681483834,179.24086846277942
0.20500000000000002,49.633452987636424,39.61611949292241,-10.017333494714016,0.2580331240647721,246.01180113055946,1167.3255681483834,179.24086846277942
0.20600000000000002,49.633452987636424,39.61611949292241,-10.017333494714016,0.2580331240647721,246.01180113055946,1167.3255681483834,179.24086846277942
0.20700000000000002,49.633452987636424,39.61611949292241,-10.017333494714016,0.2580331240647721,246.01180113055946,1167.3255681483834,179.24086846277942
0.20800000000000002,49.633452987636424,39.61611949292241,-10.017333494714016,0.2580331240647721,246.01180113055946,1167.3255681483834,179.24086846277942
0.209,49.633452987636424,39.61611949292241,-10.017333494714016,0.2580331240647721,246.01180113055946,1167.3255681483834,179.24086846277942
0.21,49.633452987636424,39.61611949292241,-10.017333494714016,0.2580331240647721,246.01180113055946,1167.3255681483834,179.24086846277942
0.211,50.66437474374365,40.28367141739871,-10.380703326344948,0.267008235194157,245.06158955167774,1163.911019272229,180.84736995090384
0.212,50.66437474374365,40.28367141739871,-10.380703326344948,0.267008235194157,245.06158955167774,1163.911019272229,180.84736995090384
0.213,50.66437474374365,40.28367141739871,-10.380703326344948,0.267008235194157,245.06158955167774,1163.911019272229,180.84736995090384
0.214,50.66437474374365,40.28367141739871,-10.380703326344948,0.267008235194157,245.06158955167774,1163.911019272229,180.84736995090384
0.215,50.66437474374365,40.28367141739871,-10.380703326344948,0.267008235194157,245.06158955167774,1163.911019272229,180.84736995090384
0.216,50.66437474374365,40.28367141739871,-10.380703326344948,0.267008235194157,245.06158955167774,1163.911019272229,180.84736995090384
0.217,50.66437474374365,40.28367141739871,-10.380703326344948,0.267008235194157,245.06158955167774,1163.911019272229,180.84736995090384
0.218,50.66437474374365,40.28367141739871,-10.380703326344948,0.267008235194157,245.06158955167774,1163.911019272229,180.84736995090384
0.219,50.66437474374365,40.28367141739871,-10.380703326344948,0.267008235194157,245.06158955167774,1163.911019272229,180.84736995090384
0.22,50.66437474374365,40.28367141739871,-10.380703326344948,0.267008235194157,245.06158955167774,1163.911019272229,180.84736995090384
0.221,51.67529164362553,40.936704435724494,-10.738587207901036,0.2757669883308235,244.10277171575905,1160.531014177157,182.33116481937344
0.222,51.67529164362553,40.936704435724494,-10.738587207901036,0.2757669883308235,244.10277171575905,1160.531014177157,182.33116481937344
0.223,51.67529164362553,40.936704435724494,-10.738587207901036,0.2757669883308235,244.10277171575905,1160.531014177157,182.33116481937344
0.224,51.67529164362553,40.936704435724494,-10.738587207901036,0.2757669883308235,244.10277171575905,1160.531014177157,182.33116481937344
0.225,51.67529164362553,40.936704435724494,-10.738587207901036,0.2757669883308235,244.10277171575905,1160.531014177157,182.33116481937344
0.226,51.67529164362553,40.936704435724494,-10.738587207901036,0.2757669883308235,244.10277171575905,1160.531014177157,182.33116481937344
0.227,51.67529164362553,40.936704435724494,-10.738587207901036,0.2757669883308235,244.10277171575905,1160.531014177157,182.33116481937344
0.228,51.67529164362553,40.936704435724494,-10.738587207901036,0.2757669883308235,244.10277171575905,1160.531014177157,182.33116481937344
0.229,51.67529164362553,40.936704435724494,-10.738587207901036,0.2757669883308235,244.10277171575905,1160.531014177157,182.33116481937344
0.23,51.67529164362553,40.936704435724494,-10.738587207901036,0.2757669883308235,244.10277171575905,1160.531014177157,182.33116481937344
0.231,52.66682188843336,41.57555107587861,-11.091270812554754,0.28427296614741154,243.1362575217909,1157.1881519174108,183.69706508346846
0.232,52.66682188843336,41.57555107587861,-11.091270812554754,0.28427296614741154,243.1362575217909,1157.1881519174108,183.69706508346846
0.233,52.66682188843336,41.57555107587861,-11.091270812554754,0.28427296614741154,243.1362575217909,1157.1881519174108,183.69706508346846
0.234,52.66682188843336,41.57555107587861,-11.091270812554754,0.28427296614741154,243.1362575217909,1157.1881519174108,183.69706508346846
0.23500000000000001,52.66682188843336,41.57555107587861,-11.091270812554754,0.28427296614741154,243.1362575217909,1157.1881519174108,183.69706508346846
0.23600000000000002,52.66682188843336,41.57555107587861,-11.091270812554754,0.28427296614741154,243.1362575217909,1157.1881519174108,183.69706508346846
0.23700000000000002,52.66682188843336,41.57555107587861,-11.091270812554754,0.28427296614741154,243.1362575217909,1157.1881519174108,183.69706508346846
0.23800000000000002,52.66682188843336,41.57555107587861,-11.091270812554754,0.28427296614741154,243.1362575217909,1157.1881519174108,183.69706508346846
0.23900000000000002,52.66682188843336,41.57555107587861,-11.091270812554754,0.28427296614741154,243.1362575217909,1157.1881519174108,183.69706508346846
0.24,52.66682188843336,41.57555107587861,-11.091270812554754,0.28427296614741154,243.1362575217909,1157.1881519174108,183.69706508346846
0.241,53.63960002909459,42.20055678706858,-11.439043242026012,0.29249017496651414,242.16289474311588,1153.8846798582447,184.94981998629063
0.242,53.63960002909459,42.20055678706858,-11.439043242026012,0.29249017496651414,242.16289474311588,1153.8846798582447,184.94981998629063
0.243,53.63960002909459,42.20055678706858,-11.439043242026012,0.29249017496651414,242.16289474311588,1153.8846798582447,184.94981998629063
0.244,53.63960002909459,42.20055678706858,-11.439043242026012,0.29249017496651414,242.16289474311588,1153.8846798582447,184.94981998629063
0.245,53.63960002909459,42.20055678706858,-11.439043242026012,0.29249017496651414,242.16289474311588,1153.8846798582447,184.94981998629063
0.246,53.63960002909459,42.20055678706858,-11.439043242026012,0.29249017496651414,242.16289474311588,1153.8846798582447,184.94981998629063
0.247,53.63960002909459,42.20055678706858,-11.439043242026012,0.29249017496651414,242.16289474311588,1153.8846798582447,184.94981998629063
0.248,53.63960002909459,42.20055678706858,-11.439043242026012,0.29249017496651414,242.16289474311588,1153.8846798582447,184.94981998629063
0.249,53.63960002909459,42.20055678706858,-11.439043242026012,0.29249017496651414,242.16289474311588,1153.8846798582447,184.94981998629063
0.25,53.63960002909459,42.20055678706858,-11.439043242026012,0.29249017496651414,242.16289474311588,1153.8846798582447,184.94981998629063
0.251,54.59427196721923,42.8120782224668,-11.782193744752421,0.30038331066417384,241.18347277942064,1150.622521682495,186.09409593771935
0.252,54.59427196721923,42.8120782224668,-11.782193744752421,0.30038331066417384,241.18347277942064,1150.622521682495,186.09409593771935
0.253,54.59427196721923,42.8120782224668,-11.782193744752421,0.30038331066417384,241.18347277942064,1150.622521682495,186.09409593771935
0.254,54.59427196721923,42.8120782224668,-11.782193744752421,0.30038331066417384,241.18347277942064,1150.622521682495,186.09409593771935
0.255,54.59427196721923,42.8120782224668,-11.782193744752421,0.30038331066417384,241.18347277942064,1150.622521682495,186.09409593771935
0.256,54.59427196721923,42.8120782224668,-11.782193744752421,0.30038331066417384,241.18347277942064,1150.622521682495,186.09409593771935
0.257,54.59427196721923,42.8120782224668,-11.782193744752421,0.30038331066417384,241.18347277942064,1150.622521682495,186.09409593771935
0.258,54.59427196721923,42.8120782224668,-11.782193744752421,0.30038331066417384,241.18347277942064,1150.622521682495,186.09409593771935
0.259,54.59427196721923,42.8120782224668,-11.782193744752421,0.30038331066417384,241.18347277942064,1150.622521682495,186.09409593771935
0.26,54.59427196721923,42.8120782224668,-11.782193744752421,0.30038331066417384,241.18347277942064,1150.622521682495,186.09409593771935
0.261,55.53149059119534,43.41048180368565,-12.121008787509687,0.3079179672323383,240.19872644797925,1147.4033044841794,187.1344601569486
0.262,55.53149059119534,43.41048180368565,-12.121008787509687,0.3079179672323383,240.19872644797925,1147.4033044841794,187.1344601569486
0.263,55.53149059119534,43.41048180368565,-12.121008787509687,0.3079179672323383,240.19872644797925,1147.4033044841794,187.1344601569486
0.264,55.53149059119534,43.41048180368565,-12.121008787509687,0.3079179672323383,240.19872644797925,1147.4033044841794,187.1344601569486
0.265,55.53149059119534,43.41048180368565,-12.121008787509687,0.3079179672323383,240.19872644797925,1147.4033044841794,187.1344601569486
0.266,55.53149059119534,43.41048180368565,-12.121008787509687,0.3079179672323383,240.19872644797925,1147.4033044841794,187.1344601569486
0.267,55.53149059119534,43.41048180368565,-12.121008787509687,0.3079179672323383,240.19872644797925,1147.4033044841794,187.1344601569486
0.268,55.53149059119534,43.41048180368565,-12.121008787509687,0.3079179672323383,240.19872644797925,1147.4033044841794,187.1344601569486
0.269,55.53149059119534,43.41048180368565,-12.121008787509687,0.3079179672323383,240.19872644797925,1147.4033044841794,187.1344601569486
0.27,55.53149059119534,43.41048180368565,-12.121008787509687,0.3079179672323383,240.19872644797925,1147.4033044841794,187.1344601569486
0.271,56.45191199402404,43.99614253247228,-12.455769461551766,0.3150607954305063,239.20933975507324,1144.228384736546,188.07536760685878
0.272,56.45191199402404,43.99614253247228,-12.455769461551766,0.3150607954305063,239.20933975507324,1144.228384736546,188.07536760685878
0.273,56.45191199402404,43.99614253247228,-12.455769461551766,0.3150607954305063,239.20933975507324,1144.228384736546,188.07536760685878
0.274,56.45191199402404,43.99614253247228,-12.455769461551766,0.3150607954305063,239.20933975507324,1144.228384736546,188.07536760685878
0.275,56.45191199402404,43.99614253247228,-12.455769461551766,0.3150607954305063,239.20933975507324,1144.228384736546,188.07536760685878
0.276,56.45191199402404,43.99614253247228,-12.455769461551766,0.3150607954305063,239.20933975507324,1144.228384736546,188.07536760685878
0.277,56.45191199402404,43.99614253247228,-12.455769461551766,0.3150607954305063,239.20933975507324,1144.228384736546,188.07536760685878
0.278,56.45191199402404,43.99614253247228,-12.455769461551766,0.3150607954305063,239.20933975507324,1144.228384736546,188.07536760685878
0.279,56.45191199402404,43.99614253247228,-12.455769461551766,0.3150607954305063,239.20933975507324,1144.228384736546,188.07536760685878
0.28,56.45191199402404,43.99614253247228,-12.455769461551766,0.3150607954305063,239.20933975507324,1144.228384736546,188.07536760685878
0.281,57.356192218583494,44.56944301659327,-12.786749201990217,0.32177961865171545,238.21594960086065,1141.0988729857627,188.92115082907281
0.28200000000000003,57.356192218583494,44.56944301659327,-12.786749201990217,0.32177961865171545,238.21594960086065,1141.0988729857627,188.92115082907281
0.28300000000000003,57.356192218583494,44.56944301659327,-12.786749201990217,0.32177961865171545,238.21594960086065,1141.0988729857627,188.92115082907281
0.28400000000000003,57.356192218583494,44.56944301659327,-12.786749201990217,0.32177961865171545,238.21594960086065,1141.0988729857627,188.92115082907281
0.28500000000000003,57.356192218583494,44.56944301659327,-12.786749201990217,0.32177961865171545,238.21594960086065,1141.0988729857627,188.92115082907281
0.28600000000000003,57.356192218583494,44.56944301659327,-12.786749201990217,0.32177961865171545,238.21594960086065,1141.0988729857627,188.92115082907281
0.28700000000000003,57.356192218583494,44.56944301659327,-12.786749201990217,0.32177961865171545,238.21594960086065,1141.0988729857627,188.92115082907281
0.28800000000000003,57.356192218583494,44.56944301659327,-12.786749201990217,0.32177961865171545,238.21594960086065,1141.0988729857627,188.92115082907281
0.289,57.356192218583494,44.56944301659327,-12.786749201990217,0.32177961865171545,238.21594960086065,1141.0988729857627,188.92115082907281
0.29,57.356192218583494,44.56944301659327,-12.786749201990217,0.32177961865171545,238.21594960086065,1141.0988729857627,188.92115082907281
0.291,58.24498447681201,45.130772679187004,-13.114211797625002,0.32804351266787257,237.21914938165747,1138.015657174273,189.67601231416225
0.292,58.24498447681201,45.130772679187004,-13.114211797625002,0.32804351266787257,237.21914938165747,1138.015657174273,189.67601231416225
0.293,58.24498447681201,45.130772679187004,-13.114211797625002,0.32804351266787257,237.21914938165747,1138.015657174273,189.67601231416225
0.294,58.24498447681201,45.130772679187004,-13.114211797625002,0.32804351266787257,237.21914938165747,1138.015657174273,189.67601231416225
0.295,58.24498447681201,45.130772679187004,-13.114211797625002,0.32804351266787257,237.21914938165747,1138.015657174273,189.67601231416225
0.296,58.24498447681201,45.130772679187004,-13.114211797625002,0.32804351266787257,237.21914938165747,1138.015657174273,189.67601231416225
0.297,58.24498447681201,45.130772679187004,-13.114211797625002,0.32804351266787257,237.21914938165747,1138.015657174273,189.67601231416225
0.298,58.24498447681201,45.130772679187004,-13.114211797625002,0.32804351266787257,237.21914938165747,1138.015657174273,189.67601231416225
0.299,58.24498447681201,45.130772679187004,-13.114211797625002,0.32804351266787257,237.21914938165747,1138.015657174273,189.67601231416225
0.3,58.24498447681201,45.130772679187004,-13.114211797625002,0.32804351266787257,237.21914938165747,1138.015657174273,189.67601231416225
0.301,59.1189367913044,45.68052712363898,-13.438409667665418,0.33382285536521594,236.2194924627252,1134.9794245411401,190.34401907007148
0.302,59.1189367913044,45.68052712363898,-13.438409667665418,0.33382285536521594,236.2194924627252,1134.9794245411401,190.34401907007148
0.303,59.1189367913044,45.68052712363898,-13.438409667665418,0.33382285536521594,236.2194924627252,1134.9794245411401,190.34401907007148
0.304,59.1189367913044,45.68052712363898,-13.438409667665418,0.33382285536521594,236.2194924627252,1134.9794245411401,190.34401907007148
0.305,59.1189367913044,45.68052712363898,-13.438409667665418,0.33382285536521594,236.2194924627252,1134.9794245411401,190.34401907007148
0.306,59.1189367913044,45.68052712363898,-13.438409667665418,0.33382285536521594,236.2194924627252,1134.9794245411401,190.34401907007148
0.307,59.1189367913044,45.68052712363898,-13.438409667665418,0.33382285536521594,236.2194924627252,1134.9794245411401,190.34401907007148
0.308,59.1189367913044,45.68052712363898,-13.438409667665418,0.33382285536521594,236.2194924627252,1134.9794245411401,190.34401907007148
0.309,59.1189367913044,45.68052712363898,-13.438409667665418,0.33382285536521594,236.2194924627252,1134.9794245411401,190.34401907007148
0.31,59.1189367913044,45.68052712363898,-13.438409667665418,0.33382285536521594,236.2194924627252,1134.9794245411401,190.34401907007148
0.311,59.978690010609384,46.219107628979536,-13.759582381629842,0.3390893519797329,235.21749550234742,1131.9906820812043,190.92909908175153
0.312,59.978690010609384,46.219107628979536,-13.759582381629842,0.3390893519797329,235.21749550234742,1131.9906820812043,190.92909908175153
0.313,59.978690010609384,46.219107628979536,-13.759582381629842,0.3390893519797329,235.21749550234742,1131.9906820812043,190.92909908175153
0.314,59.978690010609384,46.219107628979536,-13.759582381629842,0.3390893519797329,235.21749550234742,1131.9906820812043,190.92909908175153
0.315,59.978690010609384,46.219107628979536,-13.759582381629842,0.3390893519797329,235.21749550234742,1131.9906820812043,190.92909908175153
0.316,59.978690010609384,46.219107628979536,-13.759582381629842,0.3390893519797329,235.21749550234742,1131.9906820812043,190.92909908175153
0.317,59.978690010609384,46.219107628979536,-13.759582381629842,0.3390893519797329,235.21749550234742,1131.9906820812043,190.92909908175153
0.318,59.978690010609384,46.219107628979536,-13.759582381629842,0.3390893519797329,235.21749550234742,1131.9906820812043,190.92909908175153
0.319,59.978690010609384,46.219107628979536,-13.759582381629842,0.3390893519797329,235.21749550234742,1131.9906820812043,190.92909908175153
0.32,59.978690010609384,46.219107628979536,-13.759582381629842,0.3390893519797329,235.21749550234742,1131.9906820812043,190.92909908175153
0.321,60.824876152837476,46.746920753761124,-14.077955399076345,0.3438160407295956,234.2136416143417,1129.0497755722063,191.4350393850689
0.322,60.824876152837476,46.746920753761124,-14.077955399076345,0.3438160407295956,234.2136416143417,1129.0497755722063,191.4350393850689
0.323,60.824876152837476,46.746920753761124,-14.077955399076345,0.3438160407295956,234.2136416143417,1129.0497755722063,191.4350393850689
0.324,60.824876152837476,46.746920753761124,-14.077955399076345,0.3438160407295956,234.2136416143417,1129.0497755722063,191.4350393850689
0.325,60.824876152837476,46.746920753761124,-14.077955399076345,0.3438160407295956,234.2136416143417,1129.0497755722063,191.4350393850689
0.326,60.824876152837476,46.746920753761124,-14.077955399076345,0.3438160407295956,234.2136416143417,1129.0497755722063,191.4350393850689
0.327,60.824876152837476,46.746920753761124,-14.077955399076345,0.3438160407295956,234.2136416143417,1129.0497755722063,191.4350393850689
0.328,60.824876152837476,46.746920753761124,-14.077955399076345,0.3438160407295956,234.2136416143417,1129.0497755722063,191.4350393850689
0.329,60.824876152837476,46.746920753761124,-14.077955399076345,0.3438160407295956,234.2136416143417,1129.0497755722063,191.4350393850689
0.33,60.824876152837476,46.746920753761124,-14.077955399076345,0.3438160407295956,234.2136416143417,1129.0497755722063,191.4350393850689
0.331,61.658117035764285,47.26437802917904,-14.393739006585252,0.34797728314254245,233.20838336136424,1126.156907199803,191.86548550736364
0.332,61.658117035764285,47.26437802917904,-14.393739006585252,0.34797728314254245,233.20838336136424,1126.156907199803,191.86548550736364
0.333,61.658117035764285,47.26437802917904,-14.393739006585252,0.34797728314254245,233.20838336136424,1126.156907199803,191.86548550736364
0.334,61.658117035764285,47.26437802917904,-14.393739006585252,0.34797728314254245,233.20838336136424,1126.156907199803,191.86548550736364
0.335,61.658117035764285,47.26437802917904,-14.393739006585252,0.34797728314254245,233.20838336136424,1126.156907199803,191.86548550736364
0.336,61.658117035764285,47.26437802917904,-14.393739006585252,0.34797728314254245,233.20838336136424,1126.156907199803,191.86548550736364
0.337,61.658117035764285,47.26437802917904,-14.393739006585252,0.34797728314254245,233.20838336136424,1126.156907199803,191.86548550736364
0.338,61.658117035764285,47.26437802917904,-14.393739006585252,0.34797728314254245,233.20838336136424,1126.156907199803,191.86548550736364
0.339,61.658117035764285,47.26437802917904,-14.393739006585252,0.34797728314254245,233.20838336136424,1126.156907199803,191.86548550736364
0.34,61.658117035764285,47.26437802917904,-14.393739006585252,0.34797728314254245,233.20838336136424,1126.156907199803,191.86548550736364
0.341,62.47902315529751,47.77189572480155,-14.707127430495957,0.3515487428079648,232.20214557554345,1123.312151825989,192.22394205497247
0.342,62.47902315529751,47.77189572480155,-14.707127430495957,0.3515487428079648,232.20214557554345,1123.312151825989,192.22394205497247
0.343,62.47902315529751,47.77189572480155,-14.707127430495957,0.3515487428079648,232.20214557554345,1123.312151825989,192.22394205497247
0.34400000000000003,62.47902315529751,47.77189572480155,-14.707127430495957,0.3515487428079648,232.20214557554345,1123.312151825989,192.22394205497247
0.34500000000000003,62.47902315529751,47.77189572480155,-14.707127430495957,0.3515487428079648,232.20214557554345,1123.312151825989,192.22394205497247
0.34600000000000003,62.47902315529751,47.77189572480155,-14.707127430495957,0.3515487428079648,232.20214557554345,1123.312151825989,192.22394205497247
0.34700000000000003,62.47902315529751,47.77189572480155,-14.707127430495957,0.3515487428079648,232.20214557554345,1123.312151825989,192.22394205497247
0.34800000000000003,62.47902315529751,47.77189572480155,-14.707127430495957,0.3515487428079648,232.20214557554345,1123.312151825989,192.22394205497247
0.34900000000000003,62.47902315529751,47.77189572480155,-14.707127430495957,0.3515487428079648,232.20214557554345,1123.312151825989,192.22394205497247
0.35000000000000003,62.47902315529751,47.77189572480155,-14.707127430495957,0.3515487428079648,232.20214557554345,1123.312151825989,192.22394205497247
0.35100000000000003,63.28819277781421,48.26989467261018,-15.018298105204035,0.3545073557566827,231.19532800627388,1120.515471957511,192.51377425420466
0.352,63.28819277781421,48.26989467261018,-15.018298105204035,0.3545073557566827,231.19532800627388,1120.515471957511,192.51377425420466
0.353,63.28819277781421,48.26989467261018,-15.018298105204035,0.3545073557566827,231.19532800627388,1120.515471957511,192.51377425420466
0.354,63.28819277781421,48.26989467261018,-15.018298105204035,0.3545073557566827,231.19532800627388,1120.515471957511,192.51377425420466
0.355,63.28819277781421,48.26989467261018,-15.018298105204035,0.3545073557566827,231.19532800627388,1120.515471957511,192.51377425420466
0.356,63.28819277781421,48.26989467261018,-15.018298105204035,0.3545073557566827,231.19532800627388,1120.515471957511,192.51377425420466
0.357,63.28819277781421,48.26989467261018,-15.018298105204035,0.3545073557566827,231.19532800627388,1120.515471957511,192.51377425420466
0.358,63.28819277781421,48.26989467261018,-15.018298105204035,0.3545073557566827,231.19532800627388,1120.515471957511,192.51377425420466
0.359,63.28819277781421,48.26989467261018,-15.018298105204035,0.3545073557566827,231.19532800627388,1120.515471957511,192.51377425420466
0.36,63.28819277781421,48.26989467261018,-15.018298105204035,0.3545073557566827,231.19532800627388,1120.515471957511,192.51377425420466
0.361,64.08621121539626,48.75880013711422,-15.327411078282033,0.35683129519255863,230.18830779754032,1117.7667314784383,192.73821027640827
0.362,64.08621121539626,48.75880013711422,-15.327411078282033,0.35683129519255863,230.18830779754032,1117.7667314784383,192.73821027640827
0.363,64.08621121539626,48.75880013711422,-15.327411078282033,0.35683129519255863,230.18830779754032,1117.7667314784383,192.73821027640827
0.364,64.08621121539626,48.75880013711422,-15.327411078282033,0.35683129519255863,230.18830779754032,1117.7667314784383,192.73821027640827
0.365,64.08621121539626,48.75880013711422,-15.327411078282033,0.35683129519255863,230.18830779754032,1117.7667314784383,192.73821027640827
0.366,64.08621121539626,48.75880013711422,-15.327411078282033,0.35683129519255863,230.18830779754032,1117.7667314784383,192.73821027640827
0.367,64.08621121539626,48.75880013711422,-15.327411078282033,0.35683129519255863,230.18830779754032,1117.7667314784383,192.73821027640827
0.368,64.08621121539626,48.75880013711422,-15.327411078282033,0.35683129519255863,230.18830779754032,1117.7667314784383,192.73821027640827
0.369,64.08621121539626,48.75880013711422,-15.327411078282033,0.35683129519255863,230.18830779754032,1117.7667314784383,192.73821027640827
0.37,64.08621121539626,48.75880013711422,-15.327411078282033,0.35683129519255863,230.18830779754032,1117.7667314784383,192.73821027640827
0.371,64.87365025632123,49.239041721086956,-15.634608535234273,0.35849993287103193,229.18144179904112,1115.0657082155399,192.9003441998174
0.372,64.87365025632123,49.239041721086956,-15.634608535234273,0.35849993287103193,229.18144179904112,1115.0657082155399,192.9003441998174
0.373,64.87365025632123,49.239041721086956,-15.634608535234273,0.35849993287103193,229.18144179904112,1115.0657082155399,192.9003441998174
0.374,64.87365025632123,49.239041721086956,-15.634608535234273,0.35849993287103193,229.18144179904112,1115.0657082155399,192.9003441998174
0.375,64.87365025632123,49.239041721086956,-15.634608535234273,0.35849993287103193,229.18144179904112,1115.0657082155399,192.9003441998174
0.376,64.87365025632123,49.239041721086956,-15.634608535234273,0.35849993287103193,229.18144179904112,1115.0657082155399,192.9003441998174
0.377,64.87365025632123,49.239041721086956,-15.634608535234273,0.35849993287103193,229.18144179904112,1115.0657082155399,192.9003441998174
0.378,64.87365025632123,49.239041721086956,-15.634608535234273,0.35849993287103193,229.18144179904112,1115.0657082155399,192.9003441998174
0.379,64.87365025632123,49.239041721086956,-15.634608535234273,0.35849993287103193,229.18144179904112,1115.0657082155399,192.9003441998174
0.38,64.87365025632123,49.239041721086956,-15.634608535234273,0.35849993287103193,229.18144179904112,1115.0657082155399,192.9003441998174
0.381,65.6510677262775,49.71105329799504,-15.940014428282456,0.35949379904025913,228.17506871674192,1112.4121054074592,193.00313948076274
0.382,65.6510677262775,49.71105329799504,-15.940014428282456,0.35949379904025913,228.17506871674192,1112.4121054074592,193.00313948076274
0.383,65.6510677262775,49.71105329799504,-15.940014428282456,0.35949379904025913,228.17506871674192,1112.4121054074592,193.00313948076274
0.384,65.6510677262775,49.71105329799504,-15.940014428282456,0.35949379904025913,228.17506871674192,1112.4121054074592,193.00313948076274
0.385,65.6510677262775,49.71105329799504,-15.940014428282456,0.35949379904025913,228.17506871674192,1112.4121054074592,193.00313948076274
0.386,65.6510677262775,49.71105329799504,-15.940014428282456,0.35949379904025913,228.17506871674192,1112.4121054074592,193.00313948076274
0.387,65.6510677262775,49.71105329799504,-15.940014428282456,0.35949379904025913,228.17506871674192,1112.4121054074592,193.00313948076274
0.388,65.6510677262775,49.71105329799504,-15.940014428282456,0.35949379904025913,228.17506871674192,1112.4121054074592,193.00313948076274
0.389,65.6510677262775,49.71105329799504,-15.940014428282456,0.35949379904025913,228.17506871674192,1112.4121054074592,193.00313948076274
0.39,65.6510677262775,49.71105329799504,-15.940014428282456,0.35949379904025913,228.17506871674192,1112.4121054074592,193.00313948076274
0.391,66.41900715864071,50.17527296347167,-16.243734195169033,0.35979454252864757,227.1695111094018,1109.805562149078,193.0494328246475
0.392,66.41900715864071,50.17527296347167,-16.243734195169033,0.35979454252864757,227.1695111094018,1109.805562149078,193.0494328246475
0.393,66.41900715864071,50.17527296347167,-16.243734195169033,0.35979454252864757,227.1695111094018,1109.805562149078,193.0494328246475
0.394,66.41900715864071,50.17527296347167,-16.243734195169033,0.35979454252864757,227.1695111094018,1109.805562149078,193.0494328246475
0.395,66.41900715864071,50.17527296347167,-16.243734195169033,0.35979454252864757,227.1695111094018,1109.805562149078,193.0494328246475
0.396,66.41900715864071,50.17527296347167,-16.243734195169033,0.35979454252864757,227.1695111094018,1109.805562149078,193.0494328246475
0.397,66.41900715864071,50.17527296347167,-16.243734195169033,0.35979454252864757,227.1695111094018,1109.805562149078,193.0494328246475
0.398,66.41900715864071,50.17527296347167,-16.243734195169033,0.35979454252864757,227.1695111094018,1109.805562149078,193.0494328246475
0.399,66.41900715864071,50.17527296347167,-16.243734195169033,0.35979454252864757,227.1695111094018,1109.805562149078,193.0494328246475
0.4,66.41900715864071,50.17527296347167,-16.243734195169033,0.35979454252864757,227.1695111094018,1109.805562149078,193.0494328246475
0.401,67.17799755477014,50.63214299924595,-16.5458545555242,0.3593848922749701,226.16507723817986,1107.2456628815573,193.04193836291603
0.402,67.17799755477014,50.63214299924595,-16.5458545555242,0.3593848922749701,226.16507723817986,1107.2456628815573,193.04193836291603
0.403,67.17799755477014,50.63214299924595,-16.5458545555242,0.3593848922749701,226.16507723817986,1107.2456628815573,193.04193836291603
0.404,67.17799755477014,50.63214299924595,-16.5458545555242,0.3593848922749701,226.16507723817986,1107.2456628815573,193.04193836291603
0.405,67.17799755477014,50.63214299924595,-16.5458545555242,0.3593848922749701,226.16507723817986,1107.2456628815573,193.04193836291603
0.406,67.17799755477014,50.63214299924595,-16.5458545555242,0.3593848922749701,226.16507723817986,1107.2456628815573,193.04193836291603
0.40700000000000003,67.17799755477014,50.63214299924595,-16.5458545555242,0.3593848922749701,226.16507723817986,1107.2456628815573,193.04193836291603
0.40800000000000003,67.17799755477014,50.63214299924595,-16.5458545555242,0.3593848922749701,226.16507723817986,1107.2456628815573,193.04193836291603
0.40900000000000003,67.17799755477014,50.63214299924595,-16.5458545555242,0.3593848922749701,226.16507723817986,1107.2456628815573,193.04193836291603
0.41000000000000003,67.17799755477014,50.63214299924595,-16.5458545555242,0.3593848922749701,226.16507723817986,1107.2456628815573,193.04193836291603
0.41100000000000003,67.92855321766768,51.0821098438149,-16.846443373852786,0.3582486213496414,225.16206277667368,1104.7319459964838,192.98325205618622
0.41200000000000003,67.92855321766768,51.0821098438149,-16.846443373852786,0.3582486213496414,225.16206277667368,1104.7319459964838,192.98325205618622
0.41300000000000003,67.92855321766768,51.0821098438149,-16.846443373852786,0.3582486213496414,225.16206277667368,1104.7319459964838,192.98325205618622
0.41400000000000003,67.92855321766768,51.0821098438149,-16.846443373852786,0.3582486213496414,225.16206277667368,1104.7319459964838,192.98325205618622
0.41500000000000004,67.92855321766768,51.0821098438149,-16.846443373852786,0.3582486213496414,225.16206277667368,1104.7319459964838,192.98325205618622
0.41600000000000004,67.92855321766768,51.0821098438149,-16.846443373852786,0.3582486213496414,225.16206277667368,1104.7319459964838,192.98325205618622
0.417,67.92855321766768,51.0821098438149,-16.846443373852786,0.3582486213496414,225.16206277667368,1104.7319459964838,192.98325205618622
0.418,67.92855321766768,51.0821098438149,-16.846443373852786,0.3582486213496414,225.16206277667368,1104.7319459964838,192.98325205618622
0.419,67.92855321766768,51.0821098438149,-16.846443373852786,0.3582486213496414,225.16206277667368,1104.7319459964838,192.98325205618622
0.42,67.92855321766768,51.0821098438149,-16.846443373852786,0.3582486213496414,225.16206277667368,1104.7319459964838,192.98325205618622
0.421,68.67117364448576,51.52562406484544,-17.14554957964033,0.3563705143041601,224.16075238877505,1102.263911619925,192.87585625594792
0.422,68.67117364448576,51.52562406484544,-17.14554957964033,0.3563705143041601,224.16075238877505,1102.263911619925,192.87585625594792
0.423,68.67117364448576,51.52562406484544,-17.14554957964033,0.3563705143041601,224.16075238877505,1102.263911619925,192.87585625594792
0.424,68.67117364448576,51.52562406484544,-17.14554957964033,0.3563705143041601,224.16075238877505,1102.263911619925,192.87585625594792
0.425,68.67117364448576,51.52562406484544,-17.14554957964033,0.3563705143041601,224.16075238877505,1102.263911619925,192.87585625594792
0.426,68.67117364448576,51.52562406484544,-17.14554957964033,0.3563705143041601,224.16075238877505,1102.263911619925,192.87585625594792
0.427,68.67117364448576,51.52562406484544,-17.14554957964033,0.3563705143041601,224.16075238877505,1102.263911619925,192.87585625594792
0.428,68.67117364448576,51.52562406484544,-17.14554957964033,0.3563705143041601,224.16075238877505,1102.263911619925,192.87585625594792
0.429,68.67117364448576,51.52562406484544,-17.14554957964033,0.3563705143041601,224.16075238877505,1102.263911619925,192.87585625594792
0.43,68.67117364448576,51.52562406484544,-17.14554957964033,0.3563705143041601,224.16075238877505,1102.263911619925,192.87585625594792
0.431,69.40634346530979,51.96314032886594,-17.44320313644385,0.35373633850549485,223.16142118156205,1099.8410286387302,192.72212436786324
0.432,69.40634346530979,51.96314032886594,-17.44320313644385,0.35373633850549485,223.16142118156205,1099.8410286387302,192.72212436786324
0.433,69.40634346530979,51.96314032886594,-17.44320313644385,0.35373633850549485,223.16142118156205,1099.8410286387302,192.72212436786324
0.434,69.40634346530979,51.96314032886594,-17.44320313644385,0.35373633850549485,223.16142118156205,1099.8410286387302,192.72212436786324
0.435,69.40634346530979,51.96314032886594,-17.44320313644385,0.35373633850549485,223.16142118156205,1099.8410286387302,192.72212436786324
0.436,69.40634346530979,51.96314032886594,-17.44320313644385,0.35373633850549485,223.16142118156205,1099.8410286387302,192.72212436786324
0.437,69.40634346530979,51.96314032886594,-17.44320313644385,0.35373633850549485,223.16142118156205,1099.8410286387302,192.72212436786324
0.438,69.40634346530979,51.96314032886594,-17.44320313644385,0.35373633850549485,223.16142118156205,1099.8410286387302,192.72212436786324
0.439,69.40634346530979,51.96314032886594,-17.44320313644385,0.35373633850549485,223.16142118156205,1099.8410286387302,192.72212436786324
0.44,69.40634346530979,51.96314032886594,-17.44320313644385,0.35373633850549485,223.16142118156205,1099.8410286387302,192.72212436786324
0.441,70.13453241736343,52.39511736424459,-17.73941505311884,0.35033281995895005,222.16433604013795,1097.4627410280714,192.52432556890523
0.442,70.13453241736343,52.39511736424459,-17.73941505311884,0.35033281995895005,222.16433604013795,1097.4627410280714,192.52432556890523
0.443,70.13453241736343,52.39511736424459,-17.73941505311884,0.35033281995895005,222.16433604013795,1097.4627410280714,192.52432556890523
0.444,70.13453241736343,52.39511736424459,-17.73941505311884,0.35033281995895005,222.16433604013795,1097.4627410280714,192.52432556890523
0.445,70.13453241736343,52.39511736424459,-17.73941505311884,0.35033281995895005,222.16433604013795,1097.4627410280714,192.52432556890523
0.446,70.13453241736343,52.39511736424459,-17.73941505311884,0.35033281995895005,222.16433604013795,1097.4627410280714,192.52432556890523
0.447,70.13453241736343,52.39511736424459,-17.73941505311884,0.35033281995895005,222.16433604013795,1097.4627410280714,192.52432556890523
0.448,70.13453241736343,52.39511736424459,-17.73941505311884,0.35033281995895005,222.16433604013795,1097.4627410280714,192.52432556890523
0.449,70.13453241736343,52.39511736424459,-17.73941505311884,0.35033281995895005,222.16433604013795,1097.4627410280714,192.52432556890523
0.45,70.13453241736343,52.39511736424459,-17.73941505311884,0.35033281995895005,222.16433604013795,1097.4627410280714,192.52432556890523
0.451,70.85619534534466,52.8220179138143,-18.03417743153037,0.34614762399322874,221.16975685092234,1095.1284735350748,192.2846295384956
0.452,70.85619534534466,52.8220179138143,-18.03417743153037,0.34614762399322874,221.16975685092234,1095.1284735350748,192.2846295384956
0.453,70.85619534534466,52.8220179138143,-18.03417743153037,0.34614762399322874,221.16975685092234,1095.1284735350748,192.2846295384956
0.454,70.85619534534466,52.8220179138143,-18.03417743153037,0.34614762399322874,221.16975685092234,1095.1284735350748,192.2846295384956
0.455,70.85619534534466,52.8220179138143,-18.03417743153037,0.34614762399322874,221.16975685092234,1095.1284735350748,192.2846295384956
0.456,70.85619534534466,52.8220179138143,-18.03417743153037,0.34614762399322874,221.16975685092234,1095.1284735350748,192.2846295384956
0.457,70.85619534534466,52.8220179138143,-18.03417743153037,0.34614762399322874,221.16975685092234,1095.1284735350748,192.2846295384956
0.458,70.85619534534466,52.8220179138143,-18.03417743153037,0.34614762399322874,221.16975685092234,1095.1284735350748,192.2846295384956
0.459,70.85619534534466,52.8220179138143,-18.03417743153037,0.34614762399322874,221.16975685092234,1095.1284735350748,192.2846295384956
0.46,70.85619534534466,52.8220179138143,-18.03417743153037,0.34614762399322874,221.16975685092234,1095.1284735350748,192.2846295384956
0.461,71.57177221998124,53.24430867377016,-18.32746354621108,0.34116934107015334,220.17793761940752,1092.837636769877,192.0051111705541
0.462,71.57177221998124,53.24430867377016,-18.32746354621108,0.34116934107015334,220.17793761940752,1092.837636769877,192.0051111705541
0.463,71.57177221998124,53.24430867377016,-18.32746354621108,0.34116934107015334,220.17793761940752,1092.837636769877,192.0051111705541
0.464,71.57177221998124,53.24430867377016,-18.32746354621108,0.34116934107015334,220.17793761940752,1092.837636769877,192.0051111705541
0.465,71.57177221998124,53.24430867377016,-18.32746354621108,0.34116934107015334,220.17793761940752,1092.837636769877,192.0051111705541
0.466,71.57177221998124,53.24430867377016,-18.32746354621108,0.34116934107015334,220.17793761940752,1092.837636769877,192.0051111705541
0.467,71.57177221998124,53.24430867377016,-18.32746354621108,0.34116934107015334,220.17793761940752,1092.837636769877,192.0051111705541
0.468,71.57177221998124,53.24430867377016,-18.32746354621108,0.34116934107015334,220.17793761940752,1092.837636769877,192.0051111705541
0.46900000000000003,71.57177221998124,53.24430867377016,-18.32746354621108,0.34116934107015334,220.17793761940752,1092.837636769877,192.0051111705541
0.47000000000000003,71.57177221998124,53.24430867377016,-18.32746354621108,0.34116934107015334,220.17793761940752,1092.837636769877,192.0051111705541
0.47100000000000003,72.28168816814383,53.6624602156904,-18.619227952453436,0.3353874778867094,219.18912748785192,1090.5896317512413,191.68775523911907
0.47200000000000003,72.28168816814383,53.6624602156904,-18.619227952453436,0.3353874778867094,219.18912748785192,1090.5896317512413,191.68775523911907
0.47300000000000003,72.28168816814383,53.6624602156904,-18.619227952453436,0.3353874778867094,219.18912748785192,1090.5896317512413,191.68775523911907
0.47400000000000003,72.28168816814383,53.6624602156904,-18.619227952453436,0.3353874778867094,219.18912748785192,1090.5896317512413,191.68775523911907
0.47500000000000003,72.28168816814383,53.6624602156904,-18.619227952453436,0.3353874778867094,219.18912748785192,1090.5896317512413,191.68775523911907
0.47600000000000003,72.28168816814383,53.6624602156904,-18.619227952453436,0.3353874778867094,219.18912748785192,1090.5896317512413,191.68775523911907
0.47700000000000004,72.28168816814383,53.6624602156904,-18.619227952453436,0.3353874778867094,219.18912748785192,1090.5896317512413,191.68775523911907
0.47800000000000004,72.28168816814383,53.6624602156904,-18.619227952453436,0.3353874778867094,219.18912748785192,1090.5896317512413,191.68775523911907
0.47900000000000004,72.28168816814383,53.6624602156904,-18.619227952453436,0.3353874778867094,219.18912748785192,1090.5896317512413,191.68775523911907
0.48,72.28168816814383,53.6624602156904,-18.619227952453436,0.3353874778867094,219.18912748785192,1090.5896317512413,191.68775523911907
0.481,72.9863535089647,54.0769468886975,-18.909406620267195,0.32879245385464084,218.2035716578256,1088.3838539503004,191.33446099502845
0.482,72.9863535089647,54.0769468886975,-18.909406620267195,0.32879245385464084,218.2035716578256,1088.3838539503004,191.33446099502845
0.483,72.9863535089647,54.0769468886975,-18.909406620267195,0.32879245385464084,218.2035716578256,1088.3838539503004,191.33446099502845
0.484,72.9863535089647,54.0769468886975,-18.909406620267195,0.32879245385464084,218.2035716578256,1088.3838539503004,191.33446099502845
0.485,72.9863535089647,54.0769468886975,-18.909406620267195,0.32879245385464084,218.2035716578256,1088.3838539503004,191.33446099502845
0.486,72.9863535089647,54.0769468886975,-18.909406620267195,0.32879245385464084,218.2035716578256,1088.3838539503004,191.33446099502845
0.487,72.9863535089647,54.0769468886975,-18.909406620267195,0.32879245385464084,218.2035716578256,1088.3838539503004,191.33446099502845
0.488,72.9863535089647,54.0769468886975,-18.909406620267195,0.32879245385464084,218.2035716578256,1088.3838539503004,191.33446099502845
0.489,72.9863535089647,54.0769468886975,-18.909406620267195,0.32879245385464084,218.2035716578256,1088.3838539503004,191.33446099502845
0.49,72.9863535089647,54.0769468886975,-18.909406620267195,0.32879245385464084,218.2035716578256,1088.3838539503004,191.33446099502845
0.491,73.68616379141818,54.48824669892596,-19.197917092492226,0.3213756029703292,217.22151222192517,1086.2196968722537,190.9470466752022
0.492,73.68616379141818,54.48824669892596,-19.197917092492226,0.3213756029703292,217.22151222192517,1086.2196968722537,190.9470466752022
0.493,73.68616379141818,54.48824669892596,-19.197917092492226,0.3213756029703292,217.22151222192517,1086.2196968722537,190.9470466752022
0.494,73.68616379141818,54.48824669892596,-19.197917092492226,0.3213756029703292,217.22151222192517,1086.2196968722537,190.9470466752022
0.495,73.68616379141818,54.48824669892596,-19.197917092492226,0.3213756029703292,217.22151222192517,1086.2196968722537,190.9470466752022
0.496,73.68616379141818,54.48824669892596,-19.197917092492226,0.3213756029703292,217.22151222192517,1086.2196968722537,190.9470466752022
0.497,73.68616379141818,54.48824669892596,-19.197917092492226,0.3213756029703292,217.22151222192517,1086.2196968722537,190.9470466752022
0.498,73.68616379141818,54.48824669892596,-19.197917092492226,0.3213756029703292,217.22151222192517,1086.2196968722537,190.9470466752022
0.499,73.68616379141818,54.48824669892596,-19.197917092492226,0.3213756029703292,217.22151222192517,1086.2196968722537,190.9470466752022
0.5,73.68616379141818,54.48824669892596,-19.197917092492226,0.3213756029703292,217.22151222192517,1086.2196968722537,190.9470466752022
0.501,74.38149982972735,54.89684116359067,-19.484658666136674,0.3131291810232296,216.24318890841926,1084.0965552123532,190.52725390941237
0.502,74.38149982972735,54.89684116359067,-19.484658666136674,0.3131291810232296,216.24318890841926,1084.0965552123532,190.52725390941237
0.503,74.38149982972735,54.89684116359067,-19.484658666136674,0.3131291810232296,216.24318890841926,1084.0965552123532,190.52725390941237
0.504,74.38149982972735,54.89684116359067,-19.484658666136674,0.3131291810232296,216.24318890841926,1084.0965552123532,190.52725390941237
0.505,74.38149982972735,54.89684116359067,-19.484658666136674,0.3131291810232296,216.24318890841926,1084.0965552123532,190.52725390941237
0.506,74.38149982972735,54.89684116359067,-19.484658666136674,0.3131291810232296,216.24318890841926,1084.0965552123532,190.52725390941237
0.507,74.38149982972735,54.89684116359067,-19.484658666136674,0.3131291810232296,216.24318890841926,1084.0965552123532,190.52725390941237
0.508,74.38149982972735,54.89684116359067,-19.484658666136674,0.3131291810232296,216.24318890841926,1084.0965552123532,190.52725390941237
0.509,74.38149982972735,54.89684116359067,-19.484658666136674,0.3131291810232296,216.24318890841926,1084.0965552123532,190.52725390941237
0.51,74.38149982972735,54.89684116359067,-19.484658666136674,0.3131291810232296,216.24318890841926,1084.0965552123532,190.52725390941237
0.511,75.07272773378129,55.303215137071724,-19.769512596709568,0.30404637803202583,215.2688397420152,1082.0138276193043,190.0767520121805
0.512,75.07272773378129,55.303215137071724,-19.769512596709568,0.30404637803202583,215.2688397420152,1082.0138276193043,190.0767520121805
0.513,75.07272773378129,55.303215137071724,-19.769512596709568,0.30404637803202583,215.2688397420152,1082.0138276193043,190.0767520121805
0.514,75.07272773378129,55.303215137071724,-19.769512596709568,0.30404637803202583,215.2688397420152,1082.0138276193043,190.0767520121805
0.515,75.07272773378129,55.303215137071724,-19.769512596709568,0.30404637803202583,215.2688397420152,1082.0138276193043,190.0767520121805
0.516,75.07272773378129,55.303215137071724,-19.769512596709568,0.30404637803202583,215.2688397420152,1082.0138276193043,190.0767520121805
0.517,75.07272773378129,55.303215137071724,-19.769512596709568,0.30404637803202583,215.2688397420152,1082.0138276193043,190.0767520121805
0.518,75.07272773378129,55.303215137071724,-19.769512596709568,0.30404637803202583,215.2688397420152,1082.0138276193043,190.0767520121805
0.519,75.07272773378129,55.303215137071724,-19.769512596709568,0.30404637803202583,215.2688397420152,1082.0138276193043,190.0767520121805
0.52,75.07272773378129,55.303215137071724,-19.769512596709568,0.30404637803202583,215.2688397420152,1082.0138276193043,190.0767520121805
0.521,75.760198932503,55.70785660656243,-20.05234232594057,0.29412133574284477,214.29870162340998,1079.9709190960634,189.59714214967013
0.522,75.760198932503,55.70785660656243,-20.05234232594057,0.29412133574284477,214.29870162340998,1079.9709190960634,189.59714214967013
0.523,75.760198932503,55.70785660656243,-20.05234232594057,0.29412133574284477,214.29870162340998,1079.9709190960634,189.59714214967013
0.524,75.760198932503,55.70785660656243,-20.05234232594057,0.29412133574284477,214.29870162340998,1079.9709190960634,189.59714214967013
0.525,75.760198932503,55.70785660656243,-20.05234232594057,0.29412133574284477,214.29870162340998,1079.9709190960634,189.59714214967013
0.526,75.760198932503,55.70785660656243,-20.05234232594057,0.29412133574284477,214.29870162340998,1079.9709190960634,189.59714214967013
0.527,75.760198932503,55.70785660656243,-20.05234232594057,0.29412133574284477,214.29870162340998,1079.9709190960634,189.59714214967013
0.528,75.760198932503,55.70785660656243,-20.05234232594057,0.29412133574284477,214.29870162340998,1079.9709190960634,189.59714214967013
0.529,75.760198932503,55.70785660656243,-20.05234232594057,0.29412133574284477,214.29870162340998,1079.9709190960634,189.59714214967013
0.53,75.760198932503,55.70785660656243,-20.05234232594057,0.29412133574284477,214.29870162340998,1079.9709190960634,189.59714214967013
0.531,76.44425018879458,56.11125645497226,-20.33299373382232,0.28334916997181764,213.33301082980202,1077.9672430652508,189.08996137323172
0.532,76.44425018879458,56.11125645497226,-20.33299373382232,0.28334916997181764,213.33301082980202,1077.9672430652508,189.08996137323172
0.533,76.44425018879458,56.11125645497226,-20.33299373382232,0.28334916997181764,213.33301082980202,1077.9672430652508,189.08996137323172
0.534,76.44425018879458,56.11125645497226,-20.33299373382232,0.28334916997181764,213.33301082980202,1077.9672430652508,189.08996137323172
0.535,76.44425018879458,56.11125645497226,-20.33299373382232,0.28334916997181764,213.33301082980202,1077.9672430652508,189.08996137323172
0.536,76.44425018879458,56.11125645497226,-20.33299373382232,0.28334916997181764,213.33301082980202,1077.9672430652508,189.08996137323172
0.537,76.44425018879458,56.11125645497226,-20.33299373382232,0.28334916997181764,213.33301082980202,1077.9672430652508,189.08996137323172
0.538,76.44425018879458,56.11125645497226,-20.33299373382232,0.28334916997181764,213.33301082980202,1077.9672430652508,189.08996137323172
0.539,76.44425018879458,56.11125645497226,-20.33299373382232,0.28334916997181764,213.33301082980202,1077.9672430652508,189.08996137323172
0.54,76.44425018879458,56.11125645497226,-20.33299373382232,0.28334916997181764,213.33301082980202,1077.9672430652508,189.08996137323172
0.541,77.12520360532038,56.51390818894175,-20.61129541637863,0.2717259975238786,212.37200343808797,1076.002223123809,188.55668651266205
0.542,77.12520360532038,56.51390818894175,-20.61129541637863,0.2717259975238786,212.37200343808797,1076.002223123809,188.55668651266205
0.543,77.12520360532038,56.51390818894175,-20.61129541637863,0.2717259975238786,212.37200343808797,1076.002223123809,188.55668651266205
0.544,77.12520360532038,56.51390818894175,-20.61129541637863,0.2717259975238786,212.37200343808797,1076.002223123809,188.55668651266205
0.545,77.12520360532038,56.51390818894175,-20.61129541637863,0.2717259975238786,212.37200343808797,1076.002223123809,188.55668651266205
0.546,77.12520360532038,56.51390818894175,-20.61129541637863,0.2717259975238786,212.37200343808797,1076.002223123809,188.55668651266205
0.547,77.12520360532038,56.51390818894175,-20.61129541637863,0.2717259975238786,212.37200343808797,1076.002223123809,188.55668651266205
0.548,77.12520360532038,56.51390818894175,-20.61129541637863,0.2717259975238786,212.37200343808797,1076.002223123809,188.55668651266205
0.549,77.12520360532038,56.51390818894175,-20.61129541637863,0.2717259975238786,212.37200343808797,1076.002223123809,188.55668651266205
0.55,77.12520360532038,56.51390818894175,-20.61129541637863,0.2717259975238786,212.37200343808797,1076.002223123809,188.55668651266205
0.551,77.80336662097491,56.91630763002442,-20.887058990950496,0.2592489673707178,211.41591567208465,1074.0752945091795,187.99873792333364
0.552,77.80336662097491,56.91630763002442,-20.887058990950496,0.2592489673707178,211.41591567208465,1074.0752945091795,187.99873792333364
0.553,77.80336662097491,56.91630763002442,-20.887058990950496,0.2592489673707178,211.41591567208465,1074.0752945091795,187.99873792333364
0.554,77.80336662097491,56.91630763002442,-20.887058990950496,0.2592489673707178,211.41591567208465,1074.0752945091795,187.99873792333364
0.555,77.80336662097491,56.91630763002442,-20.887058990950496,0.2592489673707178,211.41591567208465,1074.0752945091795,187.99873792333364
0.556,77.80336662097491,56.91630763002442,-20.887058990950496,0.2592489673707178,211.41591567208465,1074.0752945091795,187.99873792333364
0.557,77.80336662097491,56.91630763002442,-20.887058990950496,0.2592489673707178,211.41591567208465,1074.0752945091795,187.99873792333364
0.558,77.80336662097491,56.91630763002442,-20.887058990950496,0.2592489673707178,211.41591567208465,1074.0752945091795,187.99873792333364
0.559,77.80336662097491,56.91630763002442,-20.887058990950496,0.2592489673707178,211.41591567208465,1074.0752945091795,187.99873792333364
0.56,77.80336662097491,56.91630763002442,-20.887058990950496,0.2592489673707178,211.41591567208465,1074.0752945091795,187.99873792333364
0.561,78.47903199842473,57.31895256732504,-21.16007943109969,0.24591629572195672,210.46498417477562,1072.1859052971981,187.41748308217558
0.562,78.47903199842473,57.31895256732504,-21.16007943109969,0.24591629572195672,210.46498417477562,1072.1859052971981,187.41748308217558
0.5630000000000001,78.47903199842473,57.31895256732504,-21.16007943109969,0.24591629572195672,210.46498417477562,1072.1859052971981,187.41748308217558
0.5640000000000001,78.47903199842473,57.31895256732504,-21.16007943109969,0.24591629572195672,210.46498417477562,1072.1859052971981,187.41748308217558
0.5650000000000001,78.47903199842473,57.31895256732504,-21.16007943109969,0.24591629572195672,210.46498417477562,1072.1859052971981,187.41748308217558
0.5660000000000001,78.47903199842473,57.31895256732504,-21.16007943109969,0.24591629572195672,210.46498417477562,1072.1859052971981,187.41748308217558
0.5670000000000001,78.47903199842473,57.31895256732504,-21.16007943109969,0.24591629572195672,210.46498417477562,1072.1859052971981,187.41748308217558
0.5680000000000001,78.47903199842473,57.31895256732504,-21.16007943109969,0.24591629572195672,210.46498417477562,1072.1859052971981,187.41748308217558
0.5690000000000001,78.47903199842473,57.31895256732504,-21.16007943109969,0.24591629572195672,210.46498417477562,1072.1859052971981,187.41748308217558
0.5700000000000001,78.47903199842473,57.31895256732504,-21.16007943109969,0.24591629572195672,210.46498417477562,1072.1859052971981,187.41748308217558
0.5710000000000001,79.15247780361781,57.72234237015847,-21.430135433459334,0.2317273045760339,209.5194462063246,1070.333517350088,186.81424002810783
0.5720000000000001,79.15247780361781,57.72234237015847,-21.430135433459334,0.2317273045760339,209.5194462063246,1070.333517350088,186.81424002810783
0.5730000000000001,79.15247780361781,57.72234237015847,-21.430135433459334,0.2317273045760339,209.5194462063246,1070.333517350088,186.81424002810783
0.5740000000000001,79.15247780361781,57.72234237015847,-21.430135433459334,0.2317273045760339,209.5194462063246,1070.333517350088,186.81424002810783
0.5750000000000001,79.15247780361781,57.72234237015847,-21.430135433459334,0.2317273045760339,209.5194462063246,1070.333517350088,186.81424002810783
0.5760000000000001,79.15247780361781,57.72234237015847,-21.430135433459334,0.2317273045760339,209.5194462063246,1070.333517350088,186.81424002810783
0.577,79.15247780361781,57.72234237015847,-21.430135433459334,0.2317273045760339,209.5194462063246,1070.333517350088,186.81424002810783
0.578,79.15247780361781,57.72234237015847,-21.430135433459334,0.2317273045760339,209.5194462063246,1070.333517350088,186.81424002810783
0.579,79.15247780361781,57.72234237015847,-21.430135433459334,0.2317273045760339,209.5194462063246,1070.333517350088,186.81424002810783
0.58,79.15247780361781,57.72234237015847,-21.430135433459334,0.2317273045760339,209.5194462063246,1070.333517350088,186.81424002810783
0.581,79.82396737861345,58.12697755960834,-21.696989819005104,0.21668246328965846,208.57953976839468,1068.5176070313005,186.1902806429771
0.582,79.82396737861345,58.12697755960834,-21.696989819005104,0.21668246328965846,208.57953976839468,1068.5176070313005,186.1902806429771
0.583,79.82396737861345,58.12697755960834,-21.696989819005104,0.21668246328965846,208.57953976839468,1068.5176070313005,186.1902806429771
0.584,79.82396737861345,58.12697755960834,-21.696989819005104,0.21668246328965846,208.57953976839468,1068.5176070313005,186.1902806429771
0.585,79.82396737861345,58.12697755960834,-21.696989819005104,0.21668246328965846,208.57953976839468,1068.5176070313005,186.1902806429771
0.586,79.82396737861345,58.12697755960834,-21.696989819005104,0.21668246328965846,208.57953976839468,1068.5176070313005,186.1902806429771
0.587,79.82396737861345,58.12697755960834,-21.696989819005104,0.21668246328965846,208.57953976839468,1068.5176070313005,186.1902806429771
0.588,79.82396737861345,58.12697755960834,-21.696989819005104,0.21668246328965846,208.57953976839468,1068.5176070313005,186.1902806429771
0.589,79.82396737861345,58.12697755960834,-21.696989819005104,0.21668246328965846,208.57953976839468,1068.5176070313005,186.1902806429771
0.59,79.82396737861345,58.12697755960834,-21.696989819005104,0.21668246328965846,208.57953976839468,1068.5176070313005,186.1902806429771
0.591,80.49374930951817,58.53335933823413,-21.960389971284048,0.20078343265848836,207.64550365518903,1066.7376657026148,185.54683376936987
0.592,80.49374930951817,58.53335933823413,-21.960389971284048,0.20078343265848836,207.64550365518903,1066.7376657026148,185.54683376936987
0.593,80.49374930951817,58.53335933823413,-21.960389971284048,0.20078343265848836,207.64550365518903,1066.7376657026148,185.54683376936987
0.594,80.49374930951817,58.53335933823413,-21.960389971284048,0.20078343265848836,207.64550365518903,1066.7376657026148,185.54683376936987
0.595,80.49374930951817,58.53335933823413,-21.960389971284048,0.20078343265848836,207.64550365518903,1066.7376657026148,185.54683376936987
0.596,80.49374930951817,58.53335933823413,-21.960389971284048,0.20078343265848836,207.64550365518903,1066.7376657026148,185.54683376936987
0.597,80.49374930951817,58.53335933823413,-21.960389971284048,0.20078343265848836,207.64550365518903,1066.7376657026148,185.54683376936987
0.598,80.49374930951817,58.53335933823413,-21.960389971284048,0.20078343265848836,207.64550365518903,1066.7376657026148,185.54683376936987
0.599,80.49374930951817,58.53335933823413,-21.960389971284048,0.20078343265848836,207.64550365518903,1066.7376657026148,185.54683376936987
0.6,80.49374930951817,58.53335933823413,-21.960389971284048,0.20078343265848836,207.64550365518903,1066.7376657026148,185.54683376936987
0.601,81.16205739170013,58.94198907758616,-22.22006831411397,0.18403311095688252,206.71757743158494,1064.9932000177948,184.88508816191876
0.602,81.16205739170013,58.94198907758616,-22.22006831411397,0.18403311095688252,206.71757743158494,1064.9932000177948,184.88508816191876
0.603,81.16205739170013,58.94198907758616,-22.22006831411397,0.18403311095688252,206.71757743158494,1064.9932000177948,184.88508816191876
0.604,81.16205739170013,58.94198907758616,-22.22006831411397,0.18403311095688252,206.71757743158494,1064.9932000177948,184.88508816191876
0.605,81.16205739170013,58.94198907758616,-22.22006831411397,0.18403311095688252,206.71757743158494,1064.9932000177948,184.88508816191876
0.606,81.16205739170013,58.94198907758616,-22.22006831411397,0.18403311095688252,206.71757743158494,1064.9932000177948,184.88508816191876
0.607,81.16205739170013,58.94198907758616,-22.22006831411397,0.18403311095688252,206.71757743158494,1064.9932000177948,184.88508816191876
0.608,81.16205739170013,58.94198907758616,-22.22006831411397,0.18403311095688252,206.71757743158494,1064.9932000177948,184.88508816191876
0.609,81.16205739170013,58.94198907758616,-22.22006831411397,0.18403311095688252,206.71757743158494,1064.9932000177948,184.88508816191876
0.61,81.16205739170013,58.94198907758616,-22.22006831411397,0.18403311095688252,206.71757743158494,1064.9932000177948,184.88508816191876
0.611,81.82911059479838,59.35336776364026,-22.47574283115813,0.16643568134175646,205.7960013387512,1063.2837320261663,184.20619526889814
0.612,81.82911059479838,59.35336776364026,-22.47574283115813,0.16643568134175646,205.7960013387512,1063.2837320261663,184.20619526889814
0.613,81.82911059479838,59.35336776364026,-22.47574283115813,0.16643568134175646,205.7960013387512,1063.2837320261663,184.20619526889814
0.614,81.82911059479838,59.35336776364026,-22.47574283115813,0.16643568134175646,205.7960013387512,1063.2837320261663,184.20619526889814
0.615,81.82911059479838,59.35336776364026,-22.47574283115813,0.16643568134175646,205.7960013387512,1063.2837320261663,184.20619526889814
0.616,81.82911059479838,59.35336776364026,-22.47574283115813,0.16643568134175646,205.7960013387512,1063.2837320261663,184.20619526889814
0.617,81.82911059479838,59.35336776364026,-22.47574283115813,0.16643568134175646,205.7960013387512,1063.2837320261663,184.20619526889814
0.618,81.82911059479838,59.35336776364026,-22.47574283115813,0.16643568134175646,205.7960013387512,1063.2837320261663,184.20619526889814
0.619,81.82911059479838,59.35336776364026,-22.47574283115813,0.16643568134175646,205.7960013387512,1063.2837320261663,184.20619526889814
0.62,81.82911059479838,59.35336776364026,-22.47574283115813,0.16643568134175646,205.7960013387512,1063.2837320261663,184.20619526889814
0.621,82.49511303035895,59.76799540077182,-22.727117629587127,0.14799665998643252,204.88101612775813,1061.6087990988362,183.5112718410859
0.622,82.49511303035895,59.76799540077182,-22.727117629587127,0.14799665998643252,204.88101612775813,1061.6087990988362,183.5112718410859
0.623,82.49511303035895,59.76799540077182,-22.727117629587127,0.14799665998643252,204.88101612775813,1061.6087990988362,183.5112718410859
0.624,82.49511303035895,59.76799540077182,-22.727117629587127,0.14799665998643252,204.88101612775813,1061.6087990988362,183.5112718410859
0.625,82.49511303035895,59.76799540077182,-22.727117629587127,0.14799665998643252,204.88101612775813,1061.6087990988362,183.5112718410859
0.626,82.49511303035895,59.76799540077182,-22.727117629587127,0.14799665998643252,204.88101612775813,1061.6087990988362,183.5112718410859
0.627,82.49511303035895,59.76799540077182,-22.727117629587127,0.14799665998643252,204.88101612775813,1061.6087990988362,183.5112718410859
0.628,82.49511303035895,59.76799540077182,-22.727117629587127,0.14799665998643252,204.88101612775813,1061.6087990988362,183.5112718410859
0.629,82.49511303035895,59.76799540077182,-22.727117629587127,0.14799665998643252,204.88101612775813,1061.6087990988362,183.5112718410859
0.63,82.49511303035895,59.76799540077182,-22.727117629587127,0.14799665998643252,204.88101612775813,1061.6087990988362,183.5112718410859
0.631,83.16025392517973,60.18637037541662,-22.97388354976311,0.12872294427471234,203.9728628218543,1059.9679536897265,182.8014023650323
0.632,83.16025392517973,60.18637037541662,-22.97388354976311,0.12872294427471234,203.9728628218543,1059.9679536897265,182.8014023650323
0.633,83.16025392517973,60.18637037541662,-22.97388354976311,0.12872294427471234,203.9728628218543,1059.9679536897265,182.8014023650323
0.634,83.16025392517973,60.18637037541662,-22.97388354976311,0.12872294427471234,203.9728628218543,1059.9679536897265,182.8014023650323
0.635,83.16025392517973,60.18637037541662,-22.97388354976311,0.12872294427471234,203.9728628218543,1059.9679536897265,182.8014023650323
0.636,83.16025392517973,60.18637037541662,-22.97388354976311,0.12872294427471234,203.9728628218543,1059.9679536897265,182.8014023650323
0.637,83.16025392517973,60.18637037541662,-22.97388354976311,0.12872294427471234,203.9728628218543,1059.9679536897265,182.8014023650323
0.638,83.16025392517973,60.18637037541662,-22.97388354976311,0.12872294427471234,203.9728628218543,1059.9679536897265,182.8014023650323
0.639,83.16025392517973,60.18637037541662,-22.97388354976311,0.12872294427471234,203.9728628218543,1059.9679536897265,182.8014023650323
0.64,83.16025392517973,60.18637037541662,-22.97388354976311,0.12872294427471234,203.9728628218543,1059.9679536897265,182.8014023650323
0.641,83.82470760365996,60.60898878113572,-23.215718822524238,0.1086228603555553,203.07178240835384,1058.3607629433661,182.07764131810382
0.642,83.82470760365996,60.60898878113572,-23.215718822524238,0.1086228603555553,203.07178240835384,1058.3607629433661,182.07764131810382
0.643,83.82470760365996,60.60898878113572,-23.215718822524238,0.1086228603555553,203.07178240835384,1058.3607629433661,182.07764131810382
0.644,83.82470760365996,60.60898878113572,-23.215718822524238,0.1086228603555553,203.07178240835384,1058.3607629433661,182.07764131810382
0.645,83.82470760365996,60.60898878113572,-23.215718822524238,0.1086228603555553,203.07178240835384,1058.3607629433661,182.07764131810382
0.646,83.82470760365996,60.60898878113572,-23.215718822524238,0.1086228603555553,203.07178240835384,1058.3607629433661,182.07764131810382
0.647,83.82470760365996,60.60898878113572,-23.215718822524238,0.1086228603555553,203.07178240835384,1058.3607629433661,182.07764131810382
0.648,83.82470760365996,60.60898878113572,-23.215718822524238,0.1086228603555553,203.07178240835384,1058.3607629433661,182.07764131810382
0.649,83.82470760365996,60.60898878113572,-23.215718822524238,0.1086228603555553,203.07178240835384,1058.3607629433661,182.07764131810382
0.65,83.82470760365996,60.60898878113572,-23.215718822524238,0.1086228603555553,203.07178240835384,1058.3607629433661,182.07764131810382
0.651,84.4886334826013,61.03634370738463,-23.452289775216663,0.0877062093349892,202.17801546139373,1056.786808161198,181.3410152429367
0.652,84.4886334826013,61.03634370738463,-23.452289775216663,0.0877062093349892,202.17801546139373,1056.786808161198,181.3410152429367
0.653,84.4886334826013,61.03634370738463,-23.452289775216663,0.0877062093349892,202.17801546139373,1056.786808161198,181.3410152429367
0.654,84.4886334826013,61.03634370738463,-23.452289775216663,0.0877062093349892,202.17801546139373,1056.786808161198,181.3410152429367
0.655,84.4886334826013,61.03634370738463,-23.452289775216663,0.0877062093349892,202.17801546139373,1056.786808161198,181.3410152429367
0.656,84.4886334826013,61.03634370738463,-23.452289775216663,0.0877062093349892,202.17801546139373,1056.786808161198,181.3410152429367
0.657,84.4886334826013,61.03634370738463,-23.452289775216663,0.0877062093349892,202.17801546139373,1056.786808161198,181.3410152429367
0.658,84.4886334826013,61.03634370738463,-23.452289775216663,0.0877062093349892,202.17801546139373,1056.786808161198,181.3410152429367
0.659,84.4886334826013,61.03634370738463,-23.452289775216663,0.0877062093349892,202.17801546139373,1056.786808161198,181.3410152429367
0.66,84.4886334826013,61.03634370738463,-23.452289775216663,0.0877062093349892,202.17801546139373,1056.786808161198,181.3410152429367
0.661,85.15217608200442,61.46892449488552,-23.683251587118907,0.06598431136570962,201.29180169721417,1055.2456841382225,180.5925246392977
0.662,85.15217608200442,61.46892449488552,-23.683251587118907,0.06598431136570962,201.29180169721417,1055.2456841382225,180.5925246392977
0.663,85.15217608200442,61.46892449488552,-23.683251587118907,0.06598431136570962,201.29180169721417,1055.2456841382225,180.5925246392977
0.664,85.15217608200442,61.46892449488552,-23.683251587118907,0.06598431136570962,201.29180169721417,1055.2456841382225,180.5925246392977
0.665,85.15217608200442,61.46892449488552,-23.683251587118907,0.06598431136570962,201.29180169721417,1055.2456841382225,180.5925246392977
0.666,85.15217608200442,61.46892449488552,-23.683251587118907,0.06598431136570962,201.29180169721417,1055.2456841382225,180.5925246392977
0.667,85.15217608200442,61.46892449488552,-23.683251587118907,0.06598431136570962,201.29180169721417,1055.2456841382225,180.5925246392977
0.668,85.15217608200442,61.46892449488552,-23.683251587118907,0.06598431136570962,201.29180169721417,1055.2456841382225,180.5925246392977
0.669,85.15217608200442,61.46892449488552,-23.683251587118907,0.06598431136570962,201.29180169721417,1055.2456841382225,180.5925246392977
0.67,85.15217608200442,61.46892449488552,-23.683251587118907,0.06598431136570962,201.29180169721417,1055.2456841382225,180.5925246392977
0.671,85.81546505543001,61.907215961085925,-23.90824909434408,0.04347004688745054,200.41337946406446,1053.7369983819056,179.83314567179784
0.672,85.81546505543001,61.907215961085925,-23.90824909434408,0.04347004688745054,200.41337946406446,1053.7369983819056,179.83314567179784
0.673,85.81546505543001,61.907215961085925,-23.90824909434408,0.04347004688745054,200.41337946406446,1053.7369983819056,179.83314567179784
0.674,85.81546505543001,61.907215961085925,-23.90824909434408,0.04347004688745054,200.41337946406446,1053.7369983819056,179.83314567179784
0.675,85.81546505543001,61.907215961085925,-23.90824909434408,0.04347004688745054,200.41337946406446,1053.7369983819056,179.83314567179784
0.676,85.81546505543001,61.907215961085925,-23.90824909434408,0.04347004688745054,200.41337946406446,1053.7369983819056,179.83314567179784
0.677,85.81546505543001,61.907215961085925,-23.90824909434408,0.04347004688745054,200.41337946406446,1053.7369983819056,179.83314567179784
0.678,85.81546505543001,61.907215961085925,-23.90824909434408,0.04347004688745054,200.41337946406446,1053.7369983819056,179.83314567179784
0.679,85.81546505543001,61.907215961085925,-23.90824909434408,0.04347004688745054,200.41337946406446,1053.7369983819056,179.83314567179784
0.68,85.81546505543001,61.907215961085925,-23.90824909434408,0.04347004688745054,200.41337946406446,1053.7369983819056,179.83314567179784
0.681,86.47861524345471,62.35169759976066,-24.126917643694053,0.02017789427327603,199.5429851693333,1052.2603702256301,179.0638316924713
0.682,86.47861524345471,62.35169759976066,-24.126917643694053,0.02017789427327603,199.5429851693333,1052.2603702256301,179.0638316924713
0.683,86.47861524345471,62.35169759976066,-24.126917643694053,0.02017789427327603,199.5429851693333,1052.2603702256301,179.0638316924713
0.684,86.47861524345471,62.35169759976066,-24.126917643694053,0.02017789427327603,199.5429851693333,1052.2603702256301,179.0638316924713
0.685,86.47861524345471,62.35169759976066,-24.126917643694053,0.02017789427327603,199.5429851693333,1052.2603702256301,179.0638316924713
0.686,86.47861524345471,62.35169759976066,-24.126917643694053,0.02017789427327603,199.5429851693333,1052.2603702256301,179.0638316924713
0.687,86.47861524345471,62.35169759976066,-24.126917643694053,0.02017789427327603,199.5429851693333,1052.2603702256301,179.0638316924713
0.6880000000000001,86.47861524345471,62.35169759976066,-24.126917643694053,0.02017789427327603,199.5429851693333,1052.2603702256301,179.0638316924713
0.6890000000000001,86.47861524345471,62.35169759976066,-24.126917643694053,0.02017789427327603,199.5429851693333,1052.2603702256301,179.0638316924713
0.6900000000000001,86.47861524345471,62.35169759976066,-24.126917643694053,0.02017789427327603,199.5429851693333,1052.2603702256301,179.0638316924713
0.6910000000000001,87.1417267536445,62.80284275935164,-24.33888399429286,-0.003876036850280498,198.68085264704803,1050.8154298491872,178.28551457791846
0.6920000000000001,87.1417267536445,62.80284275935164,-24.33888399429286,-0.003876036850280498,198.68085264704803,1050.8154298491872,178.28551457791846
0.6930000000000001,87.1417267536445,62.80284275935164,-24.33888399429286,-0.003876036850280498,198.68085264704803,1050.8154298491872,178.28551457791846
0.6940000000000001,87.1417267536445,62.80284275935164,-24.33888399429286,-0.003876036850280498,198.68085264704803,1050.8154298491872,178.28551457791846
0.6950000000000001,87.1417267536445,62.80284275935164,-24.33888399429286,-0.003876036850280498,198.68085264704803,1050.8154298491872,178.28551457791846
0.6960000000000001,87.1417267536445,62.80284275935164,-24.33888399429286,-0.003876036850280498,198.68085264704803,1050.8154298491872,178.28551457791846
0.6970000000000001,87.1417267536445,62.80284275935164,-24.33888399429286,-0.003876036850280498,198.68085264704803,1050.8154298491872,178.28551457791846
0.6980000000000001,87.1417267536445,62.80284275935164,-24.33888399429286,-0.003876036850280498,198.68085264704803,1050.8154298491872,178.28551457791846
0.6990000000000001,87.1417267536445,62.80284275935164,-24.33888399429286,-0.003876036850280498,198.68085264704803,1050.8154298491872,178.28551457791846
0.7000000000000001,87.1417267536445,62.80284275935164,-24.33888399429286,-0.003876036850280498,198.68085264704803,1050.8154298491872,178.28551457791846
0.7010000000000001,87.80488507027465,63.261117805118424,-24.54376726515623,-0.028673977317678137,197.827212469454,1049.4018172193444,177.49910588151903
0.7020000000000001,87.80488507027465,63.261117805118424,-24.54376726515623,-0.028673977317678137,197.827212469454,1049.4018172193444,177.49910588151903
0.7030000000000001,87.80488507027465,63.261117805118424,-24.54376726515623,-0.028673977317678137,197.827212469454,1049.4018172193444,177.49910588151903
0.704,87.80488507027465,63.261117805118424,-24.54376726515623,-0.028673977317678137,197.827212469454,1049.4018172193444,177.49910588151903
0.705,87.80488507027465,63.261117805118424,-24.54376726515623,-0.028673977317678137,197.827212469454,1049.4018172193444,177.49910588151903
0.706,87.80488507027465,63.261117805118424,-24.54376726515623,-0.028673977317678137,197.827212469454,1049.4018172193444,177.49910588151903
0.707,87.80488507027465,63.261117805118424,-24.54376726515623,-0.028673977317678137,197.827212469454,1049.4018172193444,177.49910588151903
0.708,87.80488507027465,63.261117805118424,-24.54376726515623,-0.028673977317678137,197.827212469454,1049.4018172193444,177.49910588151903
0.709,87.80488507027465,63.261117805118424,-24.54376726515623,-0.028673977317678137,197.827212469454,1049.4018172193444,177.49910588151903
0.71,87.80488507027465,63.261117805118424,-24.54376726515623,-0.028673977317678137,197.827212469454,1049.4018172193444,177.49910588151903
0.711,88.46816119677567,63.726981270598365,-24.7411799261773,-0.05419647584662747,196.98229120698036,1048.019180963832,176.70549780215475
0.712,88.46816119677567,63.726981270598365,-24.7411799261773,-0.05419647584662747,196.98229120698036,1048.019180963832,176.70549780215475
0.713,88.46816119677567,63.726981270598365,-24.7411799261773,-0.05419647584662747,196.98229120698036,1048.019180963832,176.70549780215475
0.714,88.46816119677567,63.726981270598365,-24.7411799261773,-0.05419647584662747,196.98229120698036,1048.019180963832,176.70549780215475
0.715,88.46816119677567,63.726981270598365,-24.7411799261773,-0.05419647584662747,196.98229120698036,1048.019180963832,176.70549780215475
0.716,88.46816119677567,63.726981270598365,-24.7411799261773,-0.05419647584662747,196.98229120698036,1048.019180963832,176.70549780215475
0.717,88.46816119677567,63.726981270598365,-24.7411799261773,-0.05419647584662747,196.98229120698036,1048.019180963832,176.70549780215475
0.718,88.46816119677567,63.726981270598365,-24.7411799261773,-0.05419647584662747,196.98229120698036,1048.019180963832,176.70549780215475
0.719,88.46816119677567,63.726981270598365,-24.7411799261773,-0.05419647584662747,196.98229120698036,1048.019180963832,176.70549780215475
0.72,88.46816119677567,63.726981270598365,-24.7411799261773,-0.05419647584662747,196.98229120698036,1048.019180963832,176.70549780215475
0.721,89.13161183353867,64.20088300419722,-24.930728829341437,-0.08042238279486325,196.14631064149322,1046.6671771926106,175.90556397193777
0.722,89.13161183353867,64.20088300419722,-24.930728829341437,-0.08042238279486325,196.14631064149322,1046.6671771926106,175.90556397193777
0.723,89.13161183353867,64.20088300419722,-24.930728829341437,-0.08042238279486325,196.14631064149322,1046.6671771926106,175.90556397193777
0.724,89.13161183353867,64.20088300419722,-24.930728829341437,-0.08042238279486325,196.14631064149322,1046.6671771926106,175.90556397193777
0.725,89.13161183353867,64.20088300419722,-24.930728829341437,-0.08042238279486325,196.14631064149322,1046.6671771926106,175.90556397193777
0.726,89.13161183353867,64.20088300419722,-24.930728829341437,-0.08042238279486325,196.14631064149322,1046.6671771926106,175.90556397193777
0.727,89.13161183353867,64.20088300419722,-24.930728829341437,-0.08042238279486325,196.14631064149322,1046.6671771926106,175.90556397193777
0.728,89.13161183353867,64.20088300419722,-24.930728829341437,-0.08042238279486325,196.14631064149322,1046.6671771926106,175.90556397193777
0.729,89.13161183353867,64.20088300419722,-24.930728829341437,-0.08042238279486325,196.14631064149322,1046.6671771926106,175.90556397193777
0.73,89.13161183353867,64.20088300419722,-24.930728829341437,-0.08042238279486325,196.14631064149322,1046.6671771926106,175.90556397193777
0.731,89.79527959331726,64.68326331697259,-25.112016276344672,-0.1073288408200777,195.31948693833306,1045.3454682805539,175.10016006660672
0.732,89.79527959331726,64.68326331697259,-25.112016276344672,-0.1073288408200777,195.31948693833306,1045.3454682805539,175.10016006660672
0.733,89.79527959331726,64.68326331697259,-25.112016276344672,-0.1073288408200777,195.31948693833306,1045.3454682805539,175.10016006660672
0.734,89.79527959331726,64.68326331697259,-25.112016276344672,-0.1073288408200777,195.31948693833306,1045.3454682805539,175.10016006660672
0.735,89.79527959331726,64.68326331697259,-25.112016276344672,-0.1073288408200777,195.31948693833306,1045.3454682805539,175.10016006660672
0.736,89.79527959331726,64.68326331697259,-25.112016276344672,-0.1073288408200777,195.31948693833306,1045.3454682805539,175.10016006660672
0.737,89.79527959331726,64.68326331697259,-25.112016276344672,-0.1073288408200777,195.31948693833306,1045.3454682805539,175.10016006660672
0.738,89.79527959331726,64.68326331697259,-25.112016276344672,-0.1073288408200777,195.31948693833306,1045.3454682805539,175.10016006660672
0.739,89.79527959331726,64.68326331697259,-25.112016276344672,-0.1073288408200777,195.31948693833306,1045.3454682805539,175.10016006660672
0.74,89.79527959331726,64.68326331697259,-25.112016276344672,-0.1073288408200777,195.31948693833306,1045.3454682805539,175.10016006660672
0.741,90.45919325598446,65.17455213778926,-25.284641118195193,-0.13489128294383168,194.50202978320195,1044.053721626109,174.29012424350265
0.742,90.45919325598446,65.17455213778926,-25.284641118195193,-0.13489128294383168,194.50202978320195,1044.053721626109,174.29012424350265
0.743,90.45919325598446,65.17455213778926,-25.284641118195193,-0.13489128294383168,194.50202978320195,1044.053721626109,174.29012424350265
0.744,90.45919325598446,65.17455213778926,-25.284641118195193,-0.13489128294383168,194.50202978320195,1044.053721626109,174.29012424350265
0.745,90.45919325598446,65.17455213778926,-25.284641118195193,-0.13489128294383168,194.50202978320195,1044.053721626109,174.29012424350265
0.746,90.45919325598446,65.17455213778926,-25.284641118195193,-0.13489128294383168,194.50202978320195,1044.053721626109,174.29012424350265
0.747,90.45919325598446,65.17455213778926,-25.284641118195193,-0.13489128294383168,194.50202978320195,1044.053721626109,174.29012424350265
0.748,90.45919325598446,65.17455213778926,-25.284641118195193,-0.13489128294383168,194.50202978320195,1044.053721626109,174.29012424350265
0.749,90.45919325598446,65.17455213778926,-25.284641118195193,-0.13489128294383168,194.50202978320195,1044.053721626109,174.29012424350265
0.75,90.45919325598446,65.17455213778926,-25.284641118195193,-0.13489128294383168,194.50202978320195,1044.053721626109,174.29012424350265
0.751,91.12336806387667,65.67516818203072,-25.44819988184595,-0.16308343844230672,193.69414149050894,1042.7916084006174,173.47627741338206
0.752,91.12336806387667,65.67516818203072,-25.44819988184595,-0.16308343844230672,193.69414149050894,1042.7916084006174,173.47627741338206
0.753,91.12336806387667,65.67516818203072,-25.44819988184595,-0.16308343844230672,193.69414149050894,1042.7916084006174,173.47627741338206
0.754,91.12336806387667,65.67516818203072,-25.44819988184595,-0.16308343844230672,193.69414149050894,1042.7916084006174,173.47627741338206
0.755,91.12336806387667,65.67516818203072,-25.44819988184595,-0.16308343844230672,193.69414149050894,1042.7916084006174,173.47627741338206
0.756,91.12336806387667,65.67516818203072,-25.44819988184595,-0.16308343844230672,193.69414149050894,1042.7916084006174,173.47627741338206
0.757,91.12336806387667,65.67516818203072,-25.44819988184595,-0.16308343844230672,193.69414149050894,1042.7916084006174,173.47627741338206
0.758,91.12336806387667,65.67516818203072,-25.44819988184595,-0.16308343844230672,193.69414149050894,1042.7916084006174,173.47627741338206
0.759,91.12336806387667,65.67516818203072,-25.44819988184595,-0.16308343844230672,193.69414149050894,1042.7916084006174,173.47627741338206
0.76,91.12336806387667,65.67516818203072,-25.44819988184595,-0.16308343844230672,193.69414149050894,1042.7916084006174,173.47627741338206
0.761,91.78780605837231,66.18551813991888,-25.60228791845343,-0.19187734690138883,192.8960160902734,1041.558802303089,172.65942335369374
0.762,91.78780605837231,66.18551813991888,-25.60228791845343,-0.19187734690138883,192.8960160902734,1041.558802303089,172.65942335369374
0.763,91.78780605837231,66.18551813991888,-25.60228791845343,-0.19187734690138883,192.8960160902734,1041.558802303089,172.65942335369374
0.764,91.78780605837231,66.18551813991888,-25.60228791845343,-0.19187734690138883,192.8960160902734,1041.558802303089,172.65942335369374
0.765,91.78780605837231,66.18551813991888,-25.60228791845343,-0.19187734690138883,192.8960160902734,1041.558802303089,172.65942335369374
0.766,91.78780605837231,66.18551813991888,-25.60228791845343,-0.19187734690138883,192.8960160902734,1041.558802303089,172.65942335369374
0.767,91.78780605837231,66.18551813991888,-25.60228791845343,-0.19187734690138883,192.8960160902734,1041.558802303089,172.65942335369374
0.768,91.78780605837231,66.18551813991888,-25.60228791845343,-0.19187734690138883,192.8960160902734,1041.558802303089,172.65942335369374
0.769,91.78780605837231,66.18551813991888,-25.60228791845343,-0.19187734690138883,192.8960160902734,1041.558802303089,172.65942335369374
0.77,91.78780605837231,66.18551813991888,-25.60228791845343,-0.19187734690138883,192.8960160902734,1041.558802303089,172.65942335369374
0.771,92.45249645773815,66.70599589024353,-25.746500567494614,-0.22124338068164268,192.1078384011266,1040.3549783351666,171.84034867235994
0.772,92.45249645773815,66.70599589024353,-25.746500567494614,-0.22124338068164268,192.1078384011266,1040.3549783351666,171.84034867235994
0.773,92.45249645773815,66.70599589024353,-25.746500567494614,-0.22124338068164268,192.1078384011266,1040.3549783351666,171.84034867235994
0.774,92.45249645773815,66.70599589024353,-25.746500567494614,-0.22124338068164268,192.1078384011266,1040.3549783351666,171.84034867235994
0.775,92.45249645773815,66.70599589024353,-25.746500567494614,-0.22124338068164268,192.1078384011266,1040.3549783351666,171.84034867235994
0.776,92.45249645773815,66.70599589024353,-25.746500567494614,-0.22124338068164268,192.1078384011266,1040.3549783351666,171.84034867235994
0.777,92.45249645773815,66.70599589024353,-25.746500567494614,-0.22124338068164268,192.1078384011266,1040.3549783351666,171.84034867235994
0.778,92.45249645773815,66.70599589024353,-25.746500567494614,-0.22124338068164268,192.1078384011266,1040.3549783351666,171.84034867235994
0.779,92.45249645773815,66.70599589024353,-25.746500567494614,-0.22124338068164268,192.1078384011266,1040.3549783351666,171.84034867235994
0.78,92.45249645773815,66.70599589024353,-25.746500567494614,-0.22124338068164268,192.1078384011266,1040.3549783351666,171.84034867235994
0.781,93.11741607562429,67.2369817449097,-25.880434330714596,-0.25115027594286427,191.32978309731578,1039.1798116107236,171.01982263248266
0.782,93.11741607562429,67.2369817449097,-25.880434330714596,-0.25115027594286427,191.32978309731578,1039.1798116107236,171.01982263248266
0.783,93.11741607562429,67.2369817449097,-25.880434330714596,-0.25115027594286427,191.32978309731578,1039.1798116107236,171.01982263248266
0.784,93.11741607562429,67.2369817449097,-25.880434330714596,-0.25115027594286427,191.32978309731578,1039.1798116107236,171.01982263248266
0.785,93.11741607562429,67.2369817449097,-25.880434330714596,-0.25115027594286427,191.32978309731578,1039.1798116107236,171.01982263248266
0.786,93.11741607562429,67.2369817449097,-25.880434330714596,-0.25115027594286427,191.32978309731578,1039.1798116107236,171.01982263248266
0.787,93.11741607562429,67.2369817449097,-25.880434330714596,-0.25115027594286427,191.32978309731578,1039.1798116107236,171.01982263248266
0.788,93.11741607562429,67.2369817449097,-25.880434330714596,-0.25115027594286427,191.32978309731578,1039.1798116107236,171.01982263248266
0.789,93.11741607562429,67.2369817449097,-25.880434330714596,-0.25115027594286427,191.32978309731578,1039.1798116107236,171.01982263248266
0.79,93.11741607562429,67.2369817449097,-25.880434330714596,-0.25115027594286427,191.32978309731578,1039.1798116107236,171.01982263248266
0.791,93.78252977894539,67.778841729216,-26.003688049729394,-0.2815651722798435,190.56201377790595,1038.0329762141228,170.19859684974392
0.792,93.78252977894539,67.778841729216,-26.003688049729394,-0.2815651722798435,190.56201377790595,1038.0329762141228,170.19859684974392
0.793,93.78252977894539,67.778841729216,-26.003688049729394,-0.2815651722798435,190.56201377790595,1038.0329762141228,170.19859684974392
0.794,93.78252977894539,67.778841729216,-26.003688049729394,-0.2815651722798435,190.56201377790595,1038.0329762141228,170.19859684974392
0.795,93.78252977894539,67.778841729216,-26.003688049729394,-0.2815651722798435,190.56201377790595,1038.0329762141228,170.19859684974392
0.796,93.78252977894539,67.778841729216,-26.003688049729394,-0.2815651722798435,190.56201377790595,1038.0329762141228,170.19859684974392
0.797,93.78252977894539,67.778841729216,-26.003688049729394,-0.2815651722798435,190.56201377790595,1038.0329762141228,170.19859684974392
0.798,93.78252977894539,67.778841729216,-26.003688049729394,-0.2815651722798435,190.56201377790595,1038.0329762141228,170.19859684974392
0.799,93.78252977894539,67.778841729216,-26.003688049729394,-0.2815651722798435,190.56201377790595,1038.0329762141228,170.19859684974392
0.8,93.78252977894539,67.778841729216,-26.003688049729394,-0.2815651722798435,190.56201377790595,1038.0329762141228,170.19859684974392
0.801,94.44779098322824,68.3319269021572,-26.115864081071038,-0.31245366092356763,189.80468204658246,1036.9141441204679,169.37740487552844
0.802,94.44779098322824,68.3319269021572,-26.115864081071038,-0.31245366092356763,189.80468204658246,1036.9141441204679,169.37740487552844
0.803,94.44779098322824,68.3319269021572,-26.115864081071038,-0.31245366092356763,189.80468204658246,1036.9141441204679,169.37740487552844
0.804,94.44779098322824,68.3319269021572,-26.115864081071038,-0.31245366092356763,189.80468204658246,1036.9141441204679,169.37740487552844
0.805,94.44779098322824,68.3319269021572,-26.115864081071038,-0.31245366092356763,189.80468204658246,1036.9141441204679,169.37740487552844
0.806,94.44779098322824,68.3319269021572,-26.115864081071038,-0.31245366092356763,189.80468204658246,1036.9141441204679,169.37740487552844
0.807,94.44779098322824,68.3319269021572,-26.115864081071038,-0.31245366092356763,189.80468204658246,1036.9141441204679,169.37740487552844
0.808,94.44779098322824,68.3319269021572,-26.115864081071038,-0.31245366092356763,189.80468204658246,1036.9141441204679,169.37740487552844
0.809,94.44779098322824,68.3319269021572,-26.115864081071038,-0.31245366092356763,189.80468204658246,1036.9141441204679,169.37740487552844
0.81,94.44779098322824,68.3319269021572,-26.115864081071038,-0.31245366092356763,189.80468204658246,1036.9141441204679,169.37740487552844
0.811,95.11314218288592,68.89657272034282,-26.2165694625431,-0.34377984136736145,189.05792661055946,1035.8229841903556,168.55696167992892
0.812,95.11314218288592,68.89657272034282,-26.2165694625431,-0.34377984136736145,189.05792661055946,1035.8229841903556,168.55696167992892
0.8130000000000001,95.11314218288592,68.89657272034282,-26.2165694625431,-0.34377984136736145,189.05792661055946,1035.8229841903556,168.55696167992892
0.8140000000000001,95.11314218288592,68.89657272034282,-26.2165694625431,-0.34377984136736145,189.05792661055946,1035.8229841903556,168.55696167992892
0.8150000000000001,95.11314218288592,68.89657272034282,-26.2165694625431,-0.34377984136736145,189.05792661055946,1035.8229841903556,168.55696167992892
0.8160000000000001,95.11314218288592,68.89657272034282,-26.2165694625431,-0.34377984136736145,189.05792661055946,1035.8229841903556,168.55696167992892
0.8170000000000001,95.11314218288592,68.89657272034282,-26.2165694625431,-0.34377984136736145,189.05792661055946,1035.8229841903556,168.55696167992892
0.8180000000000001,95.11314218288592,68.89657272034282,-26.2165694625431,-0.34377984136736145,189.05792661055946,1035.8229841903556,168.55696167992892
0.8190000000000001,95.11314218288592,68.89657272034282,-26.2165694625431,-0.34377984136736145,189.05792661055946,1035.8229841903556,168.55696167992892
0.8200000000000001,95.11314218288592,68.89657272034282,-26.2165694625431,-0.34377984136736145,189.05792661055946,1035.8229841903556,168.55696167992892
0.8210000000000001,95.7785155132916,69.47309844835091,-26.305417064940677,-0.37550638618780086,188.32187240712776,1034.759161250508,167.73796304979305
0.8220000000000001,95.7785155132916,69.47309844835091,-26.305417064940677,-0.37550638618780086,188.32187240712776,1034.759161250508,167.73796304979305
0.8230000000000001,95.7785155132916,69.47309844835091,-26.305417064940677,-0.37550638618780086,188.32187240712776,1034.759161250508,167.73796304979305
0.8240000000000001,95.7785155132916,69.47309844835091,-26.305417064940677,-0.37550638618780086,188.32187240712776,1034.759161250508,167.73796304979305
0.8250000000000001,95.7785155132916,69.47309844835091,-26.305417064940677,-0.37550638618780086,188.32187240712776,1034.759161250508,167.73796304979305
0.8260000000000001,95.7785155132916,69.47309844835091,-26.305417064940677,-0.37550638618780086,188.32187240712776,1034.759161250508,167.73796304979305
0.8270000000000001,95.7785155132916,69.47309844835091,-26.305417064940677,-0.37550638618780086,188.32187240712776,1034.759161250508,167.73796304979305
0.8280000000000001,95.7785155132916,69.47309844835091,-26.305417064940677,-0.37550638618780086,188.32187240712776,1034.759161250508,167.73796304979305
0.8290000000000001,95.7785155132916,69.47309844835091,-26.305417064940677,-0.37550638618780086,188.32187240712776,1034.759161250508,167.73796304979305
0.8300000000000001,95.7785155132916,69.47309844835091,-26.305417064940677,-0.37550638618780086,188.32187240712776,1034.759161250508,167.73796304979305
0.8310000000000001,96.44383334099508,70.06180661751716,-26.382026723477917,-0.40759461374793704,187.596629766285,1033.7223352704018,166.92108491775122
0.8320000000000001,96.44383334099508,70.06180661751716,-26.382026723477917,-0.40759461374793704,187.596629766285,1033.7223352704018,166.92108491775122
0.833,96.44383334099508,70.06180661751716,-26.382026723477917,-0.40759461374793704,187.596629766285,1033.7223352704018,166.92108491775122
0.834,96.44383334099508,70.06180661751716,-26.382026723477917,-0.40759461374793704,187.596629766285,1033.7223352704018,166.92108491775122
0.835,96.44383334099508,70.06180661751716,-26.382026723477917,-0.40759461374793704,187.596629766285,1033.7223352704018,166.92108491775122
0.836,96.44383334099508,70.06180661751716,-26.382026723477917,-0.40759461374793704,187.596629766285,1033.7223352704018,166.92108491775122
0.837,96.44383334099508,70.06180661751716,-26.382026723477917,-0.40759461374793704,187.596629766285,1033.7223352704018,166.92108491775122
0.838,96.44383334099508,70.06180661751716,-26.382026723477917,-0.40759461374793704,187.596629766285,1033.7223352704018,166.92108491775122
0.839,96.44383334099508,70.06180661751716,-26.382026723477917,-0.40759461374793704,187.596629766285,1033.7223352704018,166.92108491775122
0.84,96.44383334099508,70.06180661751716,-26.382026723477917,-0.40759461374793704,187.596629766285,1033.7223352704018,166.92108491775122
0.841,97.10900887796127,70.6629825343196,-26.44602634364167,-0.44000456839688773,186.88229361772042,1032.7121606435653,166.10698263876606
0.842,97.10900887796127,70.6629825343196,-26.44602634364167,-0.44000456839688773,186.88229361772042,1032.7121606435653,166.10698263876606
0.843,97.10900887796127,70.6629825343196,-26.44602634364167,-0.44000456839688773,186.88229361772042,1032.7121606435653,166.10698263876606
0.844,97.10900887796127,70.6629825343196,-26.44602634364167,-0.44000456839688773,186.88229361772042,1032.7121606435653,166.10698263876606
0.845,97.10900887796127,70.6629825343196,-26.44602634364167,-0.44000456839688773,186.88229361772042,1032.7121606435653,166.10698263876606
0.846,97.10900887796127,70.6629825343196,-26.44602634364167,-0.44000456839688773,186.88229361772042,1032.7121606435653,166.10698263876606
0.847,97.10900887796127,70.6629825343196,-26.44602634364167,-0.44000456839688773,186.88229361772042,1032.7121606435653,166.10698263876606
0.848,97.10900887796127,70.6629825343196,-26.44602634364167,-0.44000456839688773,186.88229361772042,1032.7121606435653,166.10698263876606
0.849,97.10900887796127,70.6629825343196,-26.44602634364167,-0.44000456839688773,186.88229361772042,1032.7121606435653,166.10698263876606
0.85,97.10900887796127,70.6629825343196,-26.44602634364167,-0.44000456839688773,186.88229361772042,1032.7121606435653,166.10698263876606
0.851,97.77394681534197,71.27689383870533,-26.497052976636624,-0.47269510771694945,186.17894275015442,1031.7282855805338,165.29629023107915
0.852,97.77394681534197,71.27689383870533,-26.497052976636624,-0.47269510771694945,186.17894275015442,1031.7282855805338,165.29629023107915
0.853,97.77394681534197,71.27689383870533,-26.497052976636624,-0.47269510771694945,186.17894275015442,1031.7282855805338,165.29629023107915
0.854,97.77394681534197,71.27689383870533,-26.497052976636624,-0.47269510771694945,186.17894275015442,1031.7282855805338,165.29629023107915
0.855,97.77394681534197,71.27689383870533,-26.497052976636624,-0.47269510771694945,186.17894275015442,1031.7282855805338,165.29629023107915
0.856,97.77394681534197,71.27689383870533,-26.497052976636624,-0.47269510771694945,186.17894275015442,1031.7282855805338,165.29629023107915
0.857,97.77394681534197,71.27689383870533,-26.497052976636624,-0.47269510771694945,186.17894275015442,1031.7282855805338,165.29629023107915
0.858,97.77394681534197,71.27689383870533,-26.497052976636624,-0.47269510771694945,186.17894275015442,1031.7282855805338,165.29629023107915
0.859,97.77394681534197,71.27689383870533,-26.497052976636624,-0.47269510771694945,186.17894275015442,1031.7282855805338,165.29629023107915
0.86,97.77394681534197,71.27689383870533,-26.497052976636624,-0.47269510771694945,186.17894275015442,1031.7282855805338,165.29629023107915
0.861,98.43854397199152,71.90379011190356,-26.534753860087957,-0.5056239963177005,185.48663913067384,1030.770351618751,164.48961959853162
0.862,98.43854397199152,71.90379011190356,-26.534753860087957,-0.5056239963177005,185.48663913067384,1030.770351618751,164.48961959853162
0.863,98.43854397199152,71.90379011190356,-26.534753860087957,-0.5056239963177005,185.48663913067384,1030.770351618751,164.48961959853162
0.864,98.43854397199152,71.90379011190356,-26.534753860087957,-0.5056239963177005,185.48663913067384,1030.770351618751,164.48961959853162
0.865,98.43854397199152,71.90379011190356,-26.534753860087957,-0.5056239963177005,185.48663913067384,1030.770351618751,164.48961959853162
0.866,98.43854397199152,71.90379011190356,-26.534753860087957,-0.5056239963177005,185.48663913067384,1030.770351618751,164.48961959853162
0.867,98.43854397199152,71.90379011190356,-26.534753860087957,-0.5056239963177005,185.48663913067384,1030.770351618751,164.48961959853162
0.868,98.43854397199152,71.90379011190356,-26.534753860087957,-0.5056239963177005,185.48663913067384,1030.770351618751,164.48961959853162
0.869,98.43854397199152,71.90379011190356,-26.534753860087957,-0.5056239963177005,185.48663913067384,1030.770351618751,164.48961959853162
0.87,98.43854397199152,71.90379011190356,-26.534753860087957,-0.5056239963177005,185.48663913067384,1030.770351618751,164.48961959853162
0.871,99.10268995276628,72.54390253256814,-26.55878742019815,-0.5387480056369234,184.80542729126643,1029.837993252857,163.6875597510647
0.872,99.10268995276628,72.54390253256814,-26.55878742019815,-0.5387480056369234,184.80542729126643,1029.837993252857,163.6875597510647
0.873,99.10268995276628,72.54390253256814,-26.55878742019815,-0.5387480056369234,184.80542729126643,1029.837993252857,163.6875597510647
0.874,99.10268995276628,72.54390253256814,-26.55878742019815,-0.5387480056369234,184.80542729126643,1029.837993252857,163.6875597510647
0.875,99.10268995276628,72.54390253256814,-26.55878742019815,-0.5387480056369234,184.80542729126643,1029.837993252857,163.6875597510647
0.876,99.10268995276628,72.54390253256814,-26.55878742019815,-0.5387480056369234,184.80542729126643,1029.837993252857,163.6875597510647
0.877,99.10268995276628,72.54390253256814,-26.55878742019815,-0.5387480056369234,184.80542729126643,1029.837993252857,163.6875597510647
0.878,99.10268995276628,72.54390253256814,-26.55878742019815,-0.5387480056369234,184.80542729126643,1029.837993252857,163.6875597510647
0.879,99.10268995276628,72.54390253256814,-26.55878742019815,-0.5387480056369234,184.80542729126643,1029.837993252857,163.6875597510647
0.88,99.10268995276628,72.54390253256814,-26.55878742019815,-0.5387480056369234,184.80542729126643,1029.837993252857,163.6875597510647
0.881,99.76626781155825,73.19744357945939,-26.568824232098866,-0.5720230191797389,184.13533378924305,1028.9308376868141,162.89067603978248
0.882,99.76626781155825,73.19744357945939,-26.568824232098866,-0.5720230191797389,184.13533378924305,1028.9308376868141,162.89067603978248
0.883,99.76626781155825,73.19744357945939,-26.568824232098866,-0.5720230191797389,184.13533378924305,1028.9308376868141,162.89067603978248
0.884,99.76626781155825,73.19744357945939,-26.568824232098866,-0.5720230191797389,184.13533378924305,1028.9308376868141,162.89067603978248
0.885,99.76626781155825,73.19744357945939,-26.568824232098866,-0.5720230191797389,184.13533378924305,1028.9308376868141,162.89067603978248
0.886,99.76626781155825,73.19744357945939,-26.568824232098866,-0.5720230191797389,184.13533378924305,1028.9308376868141,162.89067603978248
0.887,99.76626781155825,73.19744357945939,-26.568824232098866,-0.5720230191797389,184.13533378924305,1028.9308376868141,162.89067603978248
0.888,99.76626781155825,73.19744357945939,-26.568824232098866,-0.5720230191797389,184.13533378924305,1028.9308376868141,162.89067603978248
0.889,99.76626781155825,73.19744357945939,-26.568824232098866,-0.5720230191797389,184.13533378924305,1028.9308376868141,162.89067603978248
0.89,99.76626781155825,73.19744357945939,-26.568824232098866,-0.5720230191797389,184.13533378924305,1028.9308376868141,162.89067603978248
0.891,100.42915471403329,73.8646067783619,-26.564547935671392,-0.6054041426105593,183.47636674765582,1028.0485047075424,162.099509422271
0.892,100.42915471403329,73.8646067783619,-26.564547935671392,-0.6054041426105593,183.47636674765582,1028.0485047075424,162.099509422271
0.893,100.42915471403329,73.8646067783619,-26.564547935671392,-0.6054041426105593,183.47636674765582,1028.0485047075424,162.099509422271
0.894,100.42915471403329,73.8646067783619,-26.564547935671392,-0.6054041426105593,183.47636674765582,1028.0485047075424,162.099509422271
0.895,100.42915471403329,73.8646067783619,-26.564547935671392,-0.6054041426105593,183.47636674765582,1028.0485047075424,162.099509422271
0.896,100.42915471403329,73.8646067783619,-26.564547935671392,-0.6054041426105593,183.47636674765582,1028.0485047075424,162.099509422271
0.897,100.42915471403329,73.8646067783619,-26.564547935671392,-0.6054041426105593,183.47636674765582,1028.0485047075424,162.099509422271
0.898,100.42915471403329,73.8646067783619,-26.564547935671392,-0.6054041426105593,183.47636674765582,1028.0485047075424,162.099509422271
0.899,100.42915471403329,73.8646067783619,-26.564547935671392,-0.6054041426105593,183.47636674765582,1028.0485047075424,162.099509422271
0.9,100.42915471403329,73.8646067783619,-26.564547935671392,-0.6054041426105593,183.47636674765582,1028.0485047075424,162.099509422271
0.901,101.09122259516734,74.54556649055426,-26.54565610461307,-0.6388458181050406,182.82851548118833,1027.1906066777653,161.31457577294546
0.902,101.09122259516734,74.54556649055426,-26.54565610461307,-0.6388458181050406,182.82851548118833,1027.1906066777653,161.31457577294546
0.903,101.09122259516734,74.54556649055426,-26.54565610461307,-0.6388458181050406,182.82851548118833,1027.1906066777653,161.31457577294546
0.904,101.09122259516734,74.54556649055426,-26.54565610461307,-0.6388458181050406,182.82851548118833,1027.1906066777653,161.31457577294546
0.905,101.09122259516734,74.54556649055426,-26.54565610461307,-0.6388458181050406,182.82851548118833,1027.1906066777653,161.31457577294546
0.906,101.09122259516734,74.54556649055426,-26.54565610461307,-0.6388458181050406,182.82851548118833,1027.1906066777653,161.31457577294546
0.907,101.09122259516734,74.54556649055426,-26.54565610461307,-0.6388458181050406,182.82851548118833,1027.1906066777653,161.31457577294546
0.908,101.09122259516734,74.54556649055426,-26.54565610461307,-0.6388458181050406,182.82851548118833,1027.1906066777653,161.31457577294546
0.909,101.09122259516734,74.54556649055426,-26.54565610461307,-0.6388458181050406,182.82851548118833,1027.1906066777653,161.31457577294546
0.91,101.09122259516734,74.54556649055426,-26.54565610461307,-0.6388458181050406,182.82851548118833,1027.1906066777653,161.31457577294546
0.911,101.75233880688322,75.24047773989734,-26.51186106698588,-0.6723019423705194,182.19175021231177,1026.3567486439597,160.53636525205388
0.912,101.75233880688322,75.24047773989734,-26.51186106698588,-0.6723019423705194,182.19175021231177,1026.3567486439597,160.53636525205388
0.913,101.75233880688322,75.24047773989734,-26.51186106698588,-0.6723019423705194,182.19175021231177,1026.3567486439597,160.53636525205388
0.914,101.75233880688322,75.24047773989734,-26.51186106698588,-0.6723019423705194,182.19175021231177,1026.3567486439597,160.53636525205388
0.915,101.75233880688322,75.24047773989734,-26.51186106698588,-0.6723019423705194,182.19175021231177,1026.3567486439597,160.53636525205388
0.916,101.75233880688322,75.24047773989734,-26.51186106698588,-0.6723019423705194,182.19175021231177,1026.3567486439597,160.53636525205388
0.917,101.75233880688322,75.24047773989734,-26.51186106698588,-0.6723019423705194,182.19175021231177,1026.3567486439597,160.53636525205388
0.918,101.75233880688322,75.24047773989734,-26.51186106698588,-0.6723019423705194,182.19175021231177,1026.3567486439597,160.53636525205388
0.919,101.75233880688322,75.24047773989734,-26.51186106698588,-0.6723019423705194,182.19175021231177,1026.3567486439597,160.53636525205388
0.92,101.75233880688322,75.24047773989734,-26.51186106698588,-0.6723019423705194,182.19175021231177,1026.3567486439597,160.53636525205388
0.921,102.41236675139334,75.94947607550954,-26.462890675883795,-0.7057259877509668,181.5660218817848,1025.5465285536934,159.7653417456326
0.922,102.41236675139334,75.94947607550954,-26.462890675883795,-0.7057259877509668,181.5660218817848,1025.5465285536934,159.7653417456326
0.923,102.41236675139334,75.94947607550954,-26.462890675883795,-0.7057259877509668,181.5660218817848,1025.5465285536934,159.7653417456326
0.924,102.41236675139334,75.94947607550954,-26.462890675883795,-0.7057259877509668,181.5660218817848,1025.5465285536934,159.7653417456326
0.925,102.41236675139334,75.94947607550954,-26.462890675883795,-0.7057259877509668,181.5660218817848,1025.5465285536934,159.7653417456326
0.926,102.41236675139334,75.94947607550954,-26.462890675883795,-0.7057259877509668,181.5660218817848,1025.5465285536934,159.7653417456326
0.927,102.41236675139334,75.94947607550954,-26.462890675883795,-0.7057259877509668,181.5660218817848,1025.5465285536934,159.7653417456326
0.928,102.41236675139334,75.94947607550954,-26.462890675883795,-0.7057259877509668,181.5660218817848,1025.5465285536934,159.7653417456326
0.929,102.41236675139334,75.94947607550954,-26.462890675883795,-0.7057259877509668,181.5660218817848,1025.5465285536934,159.7653417456326
0.93,102.41236675139334,75.94947607550954,-26.462890675883795,-0.7057259877509668,181.5660218817848,1025.5465285536934,159.7653417456326
0.931,103.07116649620603,76.67267746701975,-26.39848902918628,-0.7390711258446391,180.95126205682845,1024.759537575015,159.00194238721136
0.932,103.07116649620603,76.67267746701975,-26.39848902918628,-0.7390711258446391,180.95126205682845,1024.759537575015,159.00194238721136
0.933,103.07116649620603,76.67267746701975,-26.39848902918628,-0.7390711258446391,180.95126205682845,1024.759537575015,159.00194238721136
0.934,103.07116649620603,76.67267746701975,-26.39848902918628,-0.7390711258446391,180.95126205682845,1024.759537575015,159.00194238721136
0.935,103.07116649620603,76.67267746701975,-26.39848902918628,-0.7390711258446391,180.95126205682845,1024.759537575015,159.00194238721136
0.936,103.07116649620603,76.67267746701975,-26.39848902918628,-0.7390711258446391,180.95126205682845,1024.759537575015,159.00194238721136
0.937,103.07116649620603,76.67267746701975,-26.39848902918628,-0.7390711258446391,180.95126205682845,1024.759537575015,159.00194238721136
0.9380000000000001,103.07116649620603,76.67267746701975,-26.39848902918628,-0.7390711258446391,180.95126205682845,1024.759537575015,159.00194238721136
0.9390000000000001,103.07116649620603,76.67267746701975,-26.39848902918628,-0.7390711258446391,180.95126205682845,1024.759537575015,159.00194238721136
0.9400000000000001,103.07116649620603,76.67267746701975,-26.39848902918628,-0.7390711258446391,180.95126205682845,1024.759537575015,159.00194238721136
0.9410000000000001,103.72859536718862,77.41017822956182,-26.318417137626795,-0.7722903530769348,180.34738293954143,1023.995360509276,158.24657717045224
0.9420000000000001,103.72859536718862,77.41017822956182,-26.318417137626795,-0.7722903530769348,180.34738293954143,1023.995360509276,158.24657717045224
0.9430000000000001,103.72859536718862,77.41017822956182,-26.318417137626795,-0.7722903530769348,180.34738293954143,1023.995360509276,158.24657717045224
0.9440000000000001,103.72859536718862,77.41017822956182,-26.318417137626795,-0.7722903530769348,180.34738293954143,1023.995360509276,158.24657717045224
0.9450000000000001,103.72859536718862,77.41017822956182,-26.318417137626795,-0.7722903530769348,180.34738293954143,1023.995360509276,158.24657717045224
0.9460000000000001,103.72859536718862,77.41017822956182,-26.318417137626795,-0.7722903530769348,180.34738293954143,1023.995360509276,158.24657717045224
0.9470000000000001,103.72859536718862,77.41017822956182,-26.318417137626795,-0.7722903530769348,180.34738293954143,1023.995360509276,158.24657717045224
0.9480000000000001,103.72859536718862,77.41017822956182,-26.318417137626795,-0.7722903530769348,180.34738293954143,1023.995360509276,158.24657717045224
0.9490000000000001,103.72859536718862,77.41017822956182,-26.318417137626795,-0.7722903530769348,180.34738293954143,1023.995360509276,158.24657717045224
0.9500000000000001,103.72859536718862,77.41017822956182,-26.318417137626795,-0.7722903530769348,180.34738293954143,1023.995360509276,158.24657717045224
0.9510000000000001,104.38450851653165,78.16205497593937,-26.222453540592294,-0.8053366176854823,179.75427747734662,1023.2535762875847,157.49962866020377
0.9520000000000001,104.38450851653165,78.16205497593937,-26.222453540592294,-0.8053366176854823,179.75427747734662,1023.2535762875847,157.49962866020377
0.9530000000000001,104.38450851653165,78.16205497593937,-26.222453540592294,-0.8053366176854823,179.75427747734662,1023.2535762875847,157.49962866020377
0.9540000000000001,104.38450851653165,78.16205497593937,-26.222453540592294,-0.8053366176854823,179.75427747734662,1023.2535762875847,157.49962866020377
0.9550000000000001,104.38450851653165,78.16205497593937,-26.222453540592294,-0.8053366176854823,179.75427747734662,1023.2535762875847,157.49962866020377
0.9560000000000001,104.38450851653165,78.16205497593937,-26.222453540592294,-0.8053366176854823,179.75427747734662,1023.2535762875847,157.49962866020377
0.9570000000000001,104.38450851653165,78.16205497593937,-26.222453540592294,-0.8053366176854823,179.75427747734662,1023.2535762875847,157.49962866020377
0.9580000000000001,104.38450851653165,78.16205497593937,-26.222453540592294,-0.8053366176854823,179.75427747734662,1023.2535762875847,157.49962866020377
0.9590000000000001,104.38450851653165,78.16205497593937,-26.222453540592294,-0.8053366176854823,179.75427747734662,1023.2535762875847,157.49962866020377
0.96,104.38450851653165,78.16205497593937,-26.222453540592294,-0.8053366176854823,179.75427747734662,1023.2535762875847,157.49962866020377
0.961,105.03875946295295,78.92836459376049,-26.11039486919247,-0.8381629475873903,179.1718195764669,1022.5337585402452,156.76145180769493
0.962,105.03875946295295,78.92836459376049,-26.11039486919247,-0.8381629475873903,179.1718195764669,1022.5337585402452,156.76145180769493
0.963,105.03875946295295,78.92836459376049,-26.11039486919247,-0.8381629475873903,179.1718195764669,1022.5337585402452,156.76145180769493
0.964,105.03875946295295,78.92836459376049,-26.11039486919247,-0.8381629475873903,179.1718195764669,1022.5337585402452,156.76145180769493
0.965,105.03875946295295,78.92836459376049,-26.11039486919247,-0.8381629475873903,179.1718195764669,1022.5337585402452,156.76145180769493
0.966,105.03875946295295,78.92836459376049,-26.11039486919247,-0.8381629475873903,179.1718195764669,1022.5337585402452,156.76145180769493
0.967,105.03875946295295,78.92836459376049,-26.11039486919247,-0.8381629475873903,179.1718195764669,1022.5337585402452,156.76145180769493
0.968,105.03875946295295,78.92836459376049,-26.11039486919247,-0.8381629475873903,179.1718195764669,1022.5337585402452,156.76145180769493
0.969,105.03875946295295,78.92836459376049,-26.11039486919247,-0.8381629475873903,179.1718195764669,1022.5337585402452,156.76145180769493
0.97,105.03875946295295,78.92836459376049,-26.11039486919247,-0.8381629475873903,179.1718195764669,1022.5337585402452,156.76145180769493
0.971,105.6912006019715,79.70914424577025,-25.982056356201266,-0.8707225786079975,178.59986441864856,1021.835476227781,156.03237387384084
0.972,105.6912006019715,79.70914424577025,-25.982056356201266,-0.8707225786079975,178.59986441864856,1021.835476227781,156.03237387384084
0.973,105.6912006019715,79.70914424577025,-25.982056356201266,-0.8707225786079975,178.59986441864856,1021.835476227781,156.03237387384084
0.974,105.6912006019715,79.70914424577025,-25.982056356201266,-0.8707225786079975,178.59986441864856,1021.835476227781,156.03237387384084
0.975,105.6912006019715,79.70914424577025,-25.982056356201266,-0.8707225786079975,178.59986441864856,1021.835476227781,156.03237387384084
0.976,105.6912006019715,79.70914424577025,-25.982056356201266,-0.8707225786079975,178.59986441864856,1021.835476227781,156.03237387384084
0.977,105.6912006019715,79.70914424577025,-25.982056356201266,-0.8707225786079975,178.59986441864856,1021.835476227781,156.03237387384084
0.978,105.6912006019715,79.70914424577025,-25.982056356201266,-0.8707225786079975,178.59986441864856,1021.835476227781,156.03237387384084
0.979,105.6912006019715,79.70914424577025,-25.982056356201266,-0.8707225786079975,178.59986441864856,1021.835476227781,156.03237387384084
0.98,105.6912006019715,79.70914424577025,-25.982056356201266,-0.8707225786079975,178.59986441864856,1021.835476227781,156.03237387384084
0.981,106.3416836845819,80.50441139208905,-25.837272292492834,-0.9029690825556063,178.0382488805599,1021.1582943218298,155.3126944628876
0.982,106.3416836845819,80.50441139208905,-25.837272292492834,-0.9029690825556063,178.0382488805599,1021.1582943218298,155.3126944628876
0.983,106.3416836845819,80.50441139208905,-25.837272292492834,-0.9029690825556063,178.0382488805599,1021.1582943218298,155.3126944628876
0.984,106.3416836845819,80.50441139208905,-25.837272292492834,-0.9029690825556063,178.0382488805599,1021.1582943218298,155.3126944628876
0.985,106.3416836845819,80.50441139208905,-25.837272292492834,-0.9029690825556063,178.0382488805599,1021.1582943218298,155.3126944628876
0.986,106.3416836845819,80.50441139208905,-25.837272292492834,-0.9029690825556063,178.0382488805599,1021.1582943218298,155.3126944628876
0.987,106.3416836845819,80.50441139208905,-25.837272292492834,-0.9029690825556063,178.0382488805599,1021.1582943218298,155.3126944628876
0.988,106.3416836845819,80.50441139208905,-25.837272292492834,-0.9029690825556063,178.0382488805599,1021.1582943218298,155.3126944628876
0.989,106.3416836845819,80.50441139208905,-25.837272292492834,-0.9029690825556063,178.0382488805599,1021.1582943218298,155.3126944628876
0.99,106.3416836845819,80.50441139208905,-25.837272292492834,-0.9029690825556063,178.0382488805599,1021.1582943218298,155.3126944628876
0.991,106.99006026312625,81.31416383353996,-25.675896429586285,-0.9348564946262459,177.486792054518,1020.5017745239063,154.6026856669456
0.992,106.99006026312625,81.31416383353996,-25.675896429586285,-0.9348564946262459,177.486792054518,1020.5017745239063,154.6026856669456
0.993,106.99006026312625,81.31416383353996,-25.675896429586285,-0.9348564946262459,177.486792054518,1020.5017745239063,154.6026856669456
0.994,106.99006026312625,81.31416383353996,-25.675896429586285,-0.9348564946262459,177.486792054518,1020.5017745239063,154.6026856669456
0.995,106.99006026312625,81.31416383353996,-25.675896429586285,-0.9348564946262459,177.486792054518,1020.5017745239063,154.6026856669456
0.996,106.99006026312625,81.31416383353996,-25.675896429586285,-0.9348564946262459,177.486792054518,1020.5017745239063,154.6026856669456
0.997,106.99006026312625,81.31416383353996,-25.675896429586285,-0.9348564946262459,177.486792054518,1020.5017745239063,154.6026856669456
0.998,106.99006026312625,81.31416383353996,-25.675896429586285,-0.9348564946262459,177.486792054518,1020.5017745239063,154.6026856669456
0.999,106.99006026312625,81.31416383353996,-25.675896429586285,-0.9348564946262459,177.486792054518,1020.5017745239063,154.6026856669456
